close_time,open_time,symbol,side,volume,open_price,close_price,sl,tp,gross,commission,swap,profit,balance,r_multiple,exit_reason,spread_pts,slippage_pts,deal,position,magic
2024.01.03 11:44:49,2024.01.03 06:00:00,XAUUSD,buy,0.24,2065.22,2054.89,2054.89,2142.67,-247.92,-2.47,0.00,-250.39,99749.61,-1.010,sl,12,0.0,3,2,240818
2024.01.05 15:30:05,2024.01.04 02:00:00,XAUUSD,buy,0.24,2043.10,2032.79,2032.88,2119.72,-247.44,-2.45,-15.17,-265.06,99484.55,-1.081,sl,15,0.0,5,4,240818
2024.01.05 18:47:22,2024.01.05 17:00:00,XAUUSD,buy,0.24,2047.20,2049.22,2049.25,2123.97,48.48,-2.46,0.00,46.02,99530.57,0.187,sl,32,0.0,7,6,240818
2024.01.10 20:21:31,2024.01.08 19:00:00,XAUUSD,buy,0.24,2032.34,2022.12,2022.18,2108.55,-245.28,-2.43,-30.34,-278.05,99252.52,-1.140,sl,13,0.0,9,8,240818
2024.01.11 18:24:54,2024.01.11 04:00:00,XAUUSD,buy,0.24,2029.80,2018.44,2019.65,2105.92,-272.64,-2.43,0.00,-275.07,98977.45,-1.129,sl,8,0.0,11,10,240818
2024.01.12 19:15:19,2024.01.12 02:00:00,XAUUSD,buy,0.24,2035.38,2044.13,2044.16,2111.71,210.00,-2.45,0.00,207.55,99185.00,0.850,sl,13,0.0,13,12,240818
2024.01.16 10:12:56,2024.01.15 06:00:00,XAUUSD,buy,0.24,2057.51,2047.20,2047.22,2134.67,-247.44,-2.46,-15.17,-265.07,98919.93,-1.073,sl,9,0.0,15,14,240818
2024.01.18 20:27:02,2024.01.17 18:00:00,XAUUSD,sell,0.24,2008.90,2018.95,2018.94,1933.57,-241.20,-2.42,26.86,-216.76,98703.17,-0.900,sl,12,0.0,17,16,240818
2024.01.23 08:58:17,2024.01.19 19:00:00,XAUUSD,sell,0.24,2024.88,2035.00,2035.00,1948.95,-242.88,-2.43,17.90,-227.41,98475.76,-0.936,sl,8,0.0,19,18,240818
2024.01.24 15:29:14,2024.01.23 15:00:00,XAUUSD,sell,0.24,2025.91,2036.05,2036.04,1949.94,-243.36,-2.44,8.95,-236.85,98238.91,-0.974,sl,0,0.0,21,20,240818
2024.01.25 16:54:43,2024.01.24 18:00:00,XAUUSD,sell,0.24,2015.31,2025.43,2025.39,1939.74,-242.88,-2.43,26.86,-218.45,98020.46,-0.903,sl,11,0.0,23,22,240818
2024.01.29 01:28:10,2024.01.26 18:00:00,XAUUSD,sell,0.24,2017.09,2027.38,2027.18,1941.45,-246.96,-2.43,8.95,-240.44,97780.02,-0.993,sl,9,0.0,25,24,240818
2024.01.30 08:18:40,2024.01.29 18:00:00,XAUUSD,sell,0.24,2025.49,2035.65,2035.62,1949.53,-243.84,-2.44,8.95,-237.33,97542.69,-0.976,sl,7,0.0,27,26,240818
2024.01.30 17:11:12,2024.01.30 09:00:00,XAUUSD,buy,0.23,2034.67,2036.67,2036.70,2110.97,46.00,-2.34,0.00,43.66,97586.35,0.187,sl,16,0.0,29,28,240818
2024.01.31 21:00:07,2024.01.31 12:00:00,XAUUSD,buy,0.23,2038.35,2039.81,2040.39,2114.79,33.58,-2.34,0.00,31.24,97617.59,0.133,sl,12,0.0,31,30,240818
2024.02.01 19:44:01,2024.02.01 18:00:00,XAUUSD,buy,0.23,2052.03,2054.08,2054.08,2128.98,47.15,-2.36,0.00,44.79,97662.38,0.190,sl,11,0.0,33,32,240818
2024.02.08 05:55:34,2024.02.07 17:00:00,XAUUSD,buy,0.23,2042.58,2032.37,2032.37,2119.18,-234.83,-2.34,-43.61,-280.78,97381.60,-1.196,sl,10,0.0,35,34,240818
2024.02.09 17:52:48,2024.02.08 21:00:00,XAUUSD,buy,0.23,2032.20,2022.02,2022.04,2108.41,-234.14,-2.33,-14.54,-251.01,97130.59,-1.074,sl,11,0.0,37,36,240818
2024.02.13 13:25:17,2024.02.12 16:00:00,XAUUSD,sell,0.24,2019.08,2029.18,2029.18,1943.36,-242.40,-2.43,8.95,-235.88,96894.71,-0.973,sl,12,0.0,39,38,240818
2024.02.15 11:56:24,2024.02.13 16:00:00,XAUUSD,sell,0.24,2004.39,1996.91,1996.91,1929.23,179.52,-2.40,35.81,212.93,97107.64,0.885,sl,15,0.0,41,40,240818
2024.02.16 19:49:43,2024.02.16 07:00:00,XAUUSD,sell,0.24,2003.61,2013.63,2013.63,1928.47,-240.48,-2.41,0.00,-242.89,96864.75,-1.010,sl,11,0.0,43,42,240818
2024.02.20 15:30:10,2024.02.19 13:00:00,XAUUSD,sell,0.24,2018.95,2029.20,2029.04,1943.24,-246.00,-2.43,8.95,-239.48,96625.27,-0.989,sl,10,0.0,45,44,240818
2024.02.21 21:00:06,2024.02.21 07:00:00,XAUUSD,buy,0.23,2030.99,2020.78,2020.84,2107.15,-234.83,-2.33,0.00,-237.16,96388.11,-1.016,sl,11,0.0,47,46,240818
2024.02.23 11:22:36,2024.02.22 05:00:00,XAUUSD,buy,0.23,2027.87,2017.68,2017.73,2103.92,-234.37,-2.33,-14.54,-251.24,96136.87,-1.077,sl,11,0.0,49,48,240818
2024.02.26 02:49:20,2024.02.23 15:00:00,XAUUSD,buy,0.23,2028.20,2030.22,2030.23,2104.26,46.46,-2.34,-14.54,29.58,96166.45,0.127,sl,8,0.0,51,50,240818
2024.03.04 18:00:27,2024.02.27 04:00:00,XAUUSD,buy,0.23,2033.74,2110.03,2093.18,2110.01,1754.67,-2.38,-87.23,1665.06,97831.51,7.118,tp,11,0.0,53,52,240818
2024.03.06 21:08:21,2024.03.06 16:00:00,XAUUSD,buy,0.22,2139.55,2141.60,2141.69,2219.78,45.10,-2.36,0.00,42.74,97874.25,0.182,sl,9,0.0,55,54,240818
2024.03.08 15:30:06,2024.03.08 12:00:00,XAUUSD,buy,0.22,2169.24,2158.31,2158.39,2250.59,-240.46,-2.38,0.00,-242.84,97631.41,-1.017,sl,16,0.0,57,56,240818
2024.03.14 15:30:02,2024.03.13 06:00:00,XAUUSD,buy,0.22,2160.53,2162.60,2162.69,2241.55,45.54,-2.38,-41.71,1.45,97632.86,0.006,sl,12,0.0,59,58,240818
2024.03.18 04:18:08,2024.03.15 05:00:00,XAUUSD,buy,0.22,2162.75,2151.94,2151.94,2243.85,-237.82,-2.37,-13.90,-254.09,97378.77,-1.068,sl,7,0.0,61,60,240818
2024.03.21 01:38:16,2024.03.18 13:00:00,XAUUSD,buy,0.22,2155.02,2197.06,2197.08,2235.83,924.88,-2.40,-69.51,852.97,98231.74,3.597,sl,18,0.0,63,62,240818
2024.03.22 18:20:19,2024.03.22 17:00:00,XAUUSD,buy,0.22,2178.19,2167.28,2167.30,2259.87,-240.02,-2.39,0.00,-242.41,97989.33,-1.012,sl,6,0.0,65,64,240818
2024.03.26 04:38:21,2024.03.25 03:00:00,XAUUSD,buy,0.22,2168.50,2170.67,2170.67,2249.82,47.74,-2.38,-13.90,31.46,98020.79,0.132,sl,11,0.0,67,66,240818
2024.03.26 16:41:35,2024.03.26 12:00:00,XAUUSD,buy,0.22,2178.34,2180.38,2180.52,2260.03,44.88,-2.40,0.00,42.48,98063.27,0.177,sl,4,0.0,69,68,240818
2024.03.28 11:03:41,2024.03.27 13:00:00,XAUUSD,buy,0.22,2189.40,2191.55,2191.59,2271.50,47.30,-2.41,-41.71,3.18,98066.45,0.013,sl,13,0.0,71,70,240818
2024.04.01 17:39:35,2024.03.28 13:00:00,XAUUSD,buy,0.22,2197.94,2229.87,2229.89,2280.36,702.46,-2.44,-27.80,672.22,98738.67,2.780,sl,6,0.0,73,72,240818
2024.04.02 17:46:51,2024.04.02 12:00:00,XAUUSD,buy,0.21,2261.20,2263.38,2263.46,2346.00,45.78,-2.38,0.00,43.40,98782.07,0.183,sl,9,0.0,75,74,240818
2024.04.03 10:25:51,2024.04.02 22:00:00,XAUUSD,buy,0.21,2271.59,2273.77,2273.86,2356.77,45.78,-2.38,-13.27,30.13,98812.20,0.126,sl,13,0.0,77,76,240818
2024.04.04 22:02:07,2024.04.03 20:00:00,XAUUSD,buy,0.21,2293.99,2296.23,2296.28,2380.01,47.04,-2.41,-39.82,4.81,98817.01,0.020,sl,16,0.0,79,78,240818
2024.04.09 18:07:21,2024.04.05 12:00:00,XAUUSD,buy,0.21,2288.22,2345.06,2345.09,2374.03,1193.64,-2.43,-26.54,1164.67,99981.68,4.848,sl,12,0.0,81,80,240818
2024.04.11 11:14:36,2024.04.11 06:00:00,XAUUSD,buy,0.21,2343.97,2332.25,2332.25,2431.87,-246.12,-2.45,0.00,-248.57,99733.11,-1.010,sl,12,0.0,83,82,240818
2024.04.12 18:00:51,2024.04.11 16:00:00,XAUUSD,buy,0.21,2341.47,2429.38,2398.53,2429.28,1846.11,-2.51,-13.27,1830.33,101563.44,7.443,tp,12,0.0,85,84,240818
2024.04.15 16:41:59,2024.04.15 16:00:00,XAUUSD,buy,0.21,2357.49,2345.65,2345.70,2445.90,-248.64,-2.47,0.00,-251.11,101312.33,-1.014,sl,20,0.0,87,86,240818
2024.04.17 19:37:50,2024.04.15 20:00:00,XAUUSD,buy,0.21,2357.32,2371.48,2371.52,2445.72,297.36,-2.49,-26.54,268.33,101580.66,1.084,sl,17,0.0,89,88,240818
2024.04.18 16:35:59,2024.04.18 09:00:00,XAUUSD,buy,0.21,2376.94,2379.19,2379.32,2466.08,47.25,-2.50,0.00,44.75,101625.41,0.179,sl,20,0.0,91,90,240818
2024.04.19 05:40:57,2024.04.19 05:00:00,XAUUSD,buy,0.21,2409.61,2397.41,2397.56,2499.97,-256.20,-2.53,0.00,-258.73,101366.68,-1.022,sl,25,0.0,93,92,240818
2024.04.22 01:01:32,2024.04.19 19:00:00,XAUUSD,buy,0.21,2394.99,2382.61,2383.02,2484.80,-259.98,-2.51,-13.27,-275.76,101090.92,-1.097,sl,17,0.0,95,94,240818
2024.04.23 04:36:59,2024.04.23 04:00:00,XAUUSD,buy,0.21,2332.81,2320.82,2321.15,2420.29,-251.79,-2.44,0.00,-254.23,100836.69,-1.038,sl,17,0.0,97,96,240818
2024.04.25 06:13:34,2024.04.23 14:00:00,XAUUSD,buy,0.21,2303.41,2309.24,2309.91,2389.79,122.43,-2.42,-53.09,66.92,100903.61,0.277,sl,17,0.0,99,98,240818
2024.04.25 16:03:52,2024.04.25 10:00:00,XAUUSD,buy,0.21,2322.92,2325.17,2325.24,2410.03,47.25,-2.44,0.00,44.81,100948.42,0.184,sl,17,0.0,101,100,240818
2024.04.29 15:35:21,2024.04.29 13:00:00,XAUUSD,buy,0.21,2343.33,2331.58,2331.61,2431.20,-246.75,-2.45,0.00,-249.20,100699.22,-1.013,sl,12,0.0,103,102,240818
2024.05.02 11:55:12,2024.05.01 07:00:00,XAUUSD,buy,0.22,2284.20,2303.39,2303.41,2369.86,422.18,-2.53,-41.71,377.94,101077.16,1.504,sl,6,0.0,105,104,240818
2024.05.03 15:44:27,2024.05.02 23:00:00,XAUUSD,buy,0.21,2303.07,2305.28,2305.37,2389.44,46.41,-2.42,-13.27,30.72,101107.88,0.127,sl,18,0.0,107,106,240818
2024.05.08 11:00:15,2024.05.03 22:00:00,XAUUSD,buy,0.21,2299.44,2304.76,2304.80,2385.67,111.72,-2.42,-39.81,69.49,101177.37,0.288,sl,19,0.0,109,108,240818
2024.05.09 16:10:52,2024.05.08 18:00:00,XAUUSD,buy,0.21,2315.67,2317.63,2317.99,2402.51,41.16,-2.44,-39.82,-1.10,101176.27,-0.005,sl,21,0.0,111,110,240818
2024.05.15 15:00:56,2024.05.14 05:00:00,XAUUSD,buy,0.21,2342.16,2360.77,2360.77,2429.99,390.81,-2.47,-13.27,375.07,101551.34,1.525,sl,24,0.0,113,112,240818
2024.05.20 15:41:47,2024.05.17 10:00:00,XAUUSD,buy,0.21,2386.12,2413.73,2413.84,2475.60,579.81,-2.52,-13.27,564.02,102115.36,2.251,sl,18,0.0,115,114,240818
2024.05.22 06:48:04,2024.05.21 16:00:00,XAUUSD,buy,0.21,2426.49,2414.32,2414.36,2517.48,-255.57,-2.54,-13.27,-271.38,101843.98,-1.065,sl,20,0.0,117,116,240818
2024.05.23 16:47:48,2024.05.23 15:00:00,XAUUSD,buy,0.21,2368.28,2356.43,2356.44,2457.09,-248.85,-2.48,0.00,-251.33,101592.65,-1.011,sl,15,0.0,119,118,240818
2024.05.29 12:04:41,2024.05.28 18:00:00,XAUUSD,buy,0.21,2355.47,2343.66,2343.69,2443.80,-248.01,-2.47,-13.27,-263.75,101328.90,-1.066,sl,25,0.0,121,120,240818
2024.05.31 17:10:24,2024.05.31 16:00:00,XAUUSD,buy,0.21,2354.79,2342.88,2343.02,2443.09,-250.11,-2.47,0.00,-252.58,101076.32,-1.022,sl,5,0.0,123,122,240818
2024.06.03 13:43:04,2024.05.31 18:00:00,XAUUSD,sell,0.21,2335.20,2332.89,2332.86,2247.63,48.51,-2.45,7.83,53.89,101130.21,0.220,sl,16,0.0,125,124,240818
2024.06.07 08:57:41,2024.06.06 21:00:00,XAUUSD,buy,0.21,2373.25,2375.55,2375.62,2462.25,48.30,-2.50,-13.27,32.53,101162.74,0.131,sl,12,0.0,127,126,240818
2024.06.11 15:13:28,2024.06.11 09:00:00,XAUUSD,sell,0.21,2299.57,2311.09,2311.07,2213.34,-241.92,-2.42,0.00,-244.34,100918.40,-1.012,sl,21,0.0,129,128,240818
2024.06.12 15:30:01,2024.06.12 08:00:00,XAUUSD,sell,0.21,2312.73,2324.43,2324.29,2226.00,-245.70,-2.43,0.00,-248.13,100670.27,-1.022,sl,20,0.0,131,130,240818
2024.06.12 17:05:51,2024.06.12 16:00:00,XAUUSD,buy,0.21,2336.05,2324.17,2324.37,2423.65,-249.48,-2.45,0.00,-251.93,100418.34,-1.027,sl,13,0.0,133,132,240818
2024.06.13 13:24:17,2024.06.13 02:00:00,XAUUSD,sell,0.21,2321.93,2319.71,2319.61,2234.86,46.62,-2.44,0.00,44.18,100462.52,0.181,sl,25,0.0,135,134,240818
2024.06.18 03:34:33,2024.06.17 04:00:00,XAUUSD,sell,0.21,2326.48,2324.21,2324.15,2239.24,47.67,-2.44,7.83,53.06,100515.58,0.217,sl,14,0.0,137,136,240818
2024.06.18 16:57:15,2024.06.18 11:00:00,XAUUSD,sell,0.21,2315.44,2327.02,2327.02,2228.61,-243.18,-2.44,0.00,-245.62,100269.96,-1.010,sl,15,0.0,139,138,240818
2024.06.20 07:59:05,2024.06.19 09:00:00,XAUUSD,sell,0.21,2329.25,2340.90,2340.90,2241.90,-244.65,-2.45,23.50,-223.60,100046.36,-0.914,sl,27,0.0,141,140,240818
2024.06.25 13:08:16,2024.06.25 07:00:00,XAUUSD,sell,0.21,2324.03,2335.67,2335.65,2236.88,-244.44,-2.45,0.00,-246.89,99799.47,-1.012,sl,28,0.0,143,142,240818
2024.06.27 12:03:09,2024.06.25 19:00:00,XAUUSD,sell,0.21,2324.75,2308.73,2308.70,2237.57,336.42,-2.43,31.33,365.32,100164.79,1.497,sl,12,0.0,145,144,240818
2024.06.28 11:26:52,2024.06.28 05:00:00,XAUUSD,sell,0.21,2320.24,2331.89,2331.84,2233.23,-244.65,-2.44,0.00,-247.09,99917.70,-1.014,sl,23,0.0,147,146,240818
2024.07.01 08:44:38,2024.06.28 13:00:00,XAUUSD,buy,0.21,2330.43,2318.74,2318.78,2417.82,-245.49,-2.44,-13.27,-261.20,99656.50,-1.068,sl,13,0.0,149,148,240818
2024.07.01 17:22:31,2024.07.01 14:00:00,XAUUSD,buy,0.21,2332.75,2320.99,2321.09,2420.23,-246.96,-2.44,0.00,-249.40,99407.10,-1.019,sl,11,0.0,151,150,240818
2024.07.03 09:57:21,2024.07.01 19:00:00,XAUUSD,sell,0.21,2327.79,2339.49,2339.43,2240.50,-245.70,-2.45,15.66,-232.49,99174.61,-0.951,sl,13,0.0,153,152,240818
2024.07.05 15:30:08,2024.07.05 08:00:00,XAUUSD,buy,0.20,2364.06,2351.24,2352.24,2452.71,-256.40,-2.36,0.00,-258.76,98915.85,-1.095,sl,12,0.0,155,154,240818
2024.07.11 16:41:59,2024.07.09 06:00:00,XAUUSD,buy,0.20,2364.08,2396.90,2396.94,2452.73,656.40,-2.38,-50.56,603.46,99519.31,2.553,sl,6,0.0,157,156,240818
2024.07.15 02:36:15,2024.07.12 21:00:00,XAUUSD,buy,0.20,2417.99,2405.86,2405.90,2508.66,-242.60,-2.41,-12.64,-257.65,99261.66,-1.066,sl,10,0.0,159,158,240818
2024.07.15 20:36:19,2024.07.15 15:00:00,XAUUSD,buy,0.20,2418.40,2420.80,2420.82,2509.09,48.00,-2.42,0.00,45.58,99307.24,0.189,sl,13,0.0,161,160,240818
2024.07.16 15:51:21,2024.07.16 07:00:02,XAUUSD,buy,0.20,2428.70,2431.12,2431.13,2519.78,48.40,-2.43,0.00,45.97,99353.21,0.189,sl,5,0.0,163,162,240818
2024.07.18 20:02:34,2024.07.18 09:00:00,XAUUSD,buy,0.20,2467.15,2454.79,2454.81,2559.67,-247.20,-2.46,0.00,-249.66,99103.55,-1.012,sl,13,0.0,165,164,240818
2024.07.22 15:33:37,2024.07.22 01:01:00,XAUUSD,buy,0.20,2404.23,2392.07,2392.21,2494.39,-243.20,-2.40,0.00,-245.60,98857.95,-1.022,sl,64,0.0,167,166,240818
2024.07.24 20:55:57,2024.07.22 22:00:00,XAUUSD,buy,0.20,2395.68,2408.50,2408.52,2485.52,256.40,-2.40,-25.28,228.72,99086.67,0.955,sl,0,0.0,169,168,240818
2024.08.01 12:52:05,2024.07.30 08:00:00,XAUUSD,buy,0.20,2386.50,2430.41,2430.47,2475.99,878.20,-2.41,-50.56,825.23,99911.90,3.459,sl,9,0.0,171,170,240818
2024.08.02 14:35:51,2024.08.02 06:00:00,XAUUSD,buy,0.20,2455.69,2458.10,2458.15,2547.78,48.20,-2.46,0.00,45.74,99957.64,0.186,sl,17,0.0,173,172,240818
2024.08.05 08:38:08,2024.08.05 07:00:00,XAUUSD,buy,0.20,2451.25,2438.92,2438.99,2543.17,-246.60,-2.45,0.00,-249.05,99708.59,-1.016,sl,33,0.0,175,174,240818
2024.08.06 09:07:51,2024.08.05 23:00:00,XAUUSD,buy,0.20,2408.12,2396.07,2396.08,2498.42,-241.00,-2.40,-12.64,-256.04,99452.55,-1.063,sl,20,0.0,177,176,240818
2024.08.07 14:56:24,2024.08.06 18:00:00,XAUUSD,sell,0.20,2388.32,2400.29,2400.26,2298.76,-239.40,-2.39,7.46,-234.33,99218.22,-0.981,sl,23,0.0,179,178,240818
2024.08.08 09:24:45,2024.08.07 23:00:00,XAUUSD,sell,0.20,2385.64,2397.59,2397.57,2296.18,-239.00,-2.39,22.38,-219.01,98999.21,-0.918,sl,9,0.0,181,180,240818
2024.08.14 16:19:53,2024.08.09 20:00:00,XAUUSD,buy,0.20,2434.54,2458.64,2459.85,2525.84,482.00,-2.45,-37.92,441.63,99440.84,1.814,sl,9,0.0,183,182,240818
2024.08.15 15:38:37,2024.08.15 06:00:00,XAUUSD,buy,0.20,2451.62,2454.03,2454.07,2543.56,48.20,-2.46,0.00,45.74,99486.58,0.187,sl,13,0.0,185,184,240818
2024.08.20 18:07:37,2024.08.15 19:00:00,XAUUSD,buy,0.20,2458.48,2508.91,2509.09,2550.67,1008.60,-2.48,-37.92,968.20,100454.78,3.939,sl,7,0.0,187,186,240818
2024.08.22 14:38:41,2024.08.21 23:00:00,XAUUSD,buy,0.19,2511.67,2498.39,2499.11,2605.86,-252.32,-2.38,-36.02,-290.72,100164.06,-1.218,sl,21,0.0,189,188,240818
2024.08.26 17:02:36,2024.08.23 04:00:00,XAUUSD,buy,0.20,2490.21,2510.89,2510.89,2583.59,413.60,-2.51,-12.64,398.45,100562.51,1.600,sl,20,0.0,191,190,240818
2024.08.28 04:51:38,2024.08.27 18:00:00,XAUUSD,buy,0.20,2514.90,2517.38,2517.41,2609.21,49.60,-2.52,-12.64,34.44,100596.95,0.137,sl,20,0.0,193,192,240818
2024.08.29 15:30:51,2024.08.28 23:00:00,XAUUSD,buy,0.20,2507.96,2510.43,2510.47,2602.01,49.40,-2.51,-37.92,8.97,100605.92,0.036,sl,16,0.0,195,194,240818
2024.08.30 17:05:04,2024.08.30 13:00:00,XAUUSD,buy,0.19,2524.38,2511.57,2511.76,2619.04,-243.39,-2.39,0.00,-245.78,100360.14,-1.025,sl,10,0.0,197,196,240818
2024.09.03 04:10:32,2024.09.02 12:00:00,XAUUSD,buy,0.20,2506.38,2493.80,2493.85,2600.37,-251.60,-2.50,-12.64,-266.74,100093.40,-1.064,sl,21,0.0,199,198,240818
2024.09.03 14:52:29,2024.09.03 10:00:00,XAUUSD,buy,0.20,2498.05,2485.54,2485.56,2591.73,-250.20,-2.49,0.00,-252.69,99840.71,-1.012,sl,22,0.0,201,200,240818
2024.09.04 11:00:21,2024.09.04 01:01:00,XAUUSD,buy,0.20,2493.31,2480.83,2480.84,2586.81,-249.60,-2.49,0.00,-252.09,99588.62,-1.011,sl,54,0.0,203,202,240818
2024.09.05 18:07:07,2024.09.04 18:00:00,XAUUSD,buy,0.19,2496.37,2506.77,2506.79,2589.98,197.60,-2.38,-36.02,159.20,99747.82,0.671,sl,16,0.0,205,204,240818
2024.09.11 15:30:02,2024.09.09 14:00:00,XAUUSD,buy,0.19,2494.64,2511.26,2514.13,2588.19,315.78,-2.37,-24.02,289.39,100037.21,1.221,sl,23,0.0,207,206,240818
2024.09.17 12:43:47,2024.09.12 08:00:00,XAUUSD,buy,0.19,2517.30,2573.30,2573.32,2611.70,1064.00,-2.42,-36.03,1025.55,101062.76,4.287,sl,18,0.0,209,208,240818
2024.09.18 21:01:48,2024.09.18 04:00:00,XAUUSD,buy,0.19,2573.22,2575.36,2575.79,2669.72,40.66,-2.44,0.00,38.22,101100.98,0.156,sl,14,0.0,211,210,240818
2024.09.18 22:05:38,2024.09.18 22:00:00,XAUUSD,buy,0.19,2575.87,2562.96,2562.99,2672.47,-245.29,-2.44,0.00,-247.73,100853.25,-1.012,sl,28,0.0,213,212,240818
2024.09.24 10:39:12,2024.09.19 08:00:00,XAUUSD,buy,0.19,2564.25,2624.32,2624.35,2660.41,1141.33,-2.47,-36.03,1102.83,101956.08,4.528,sl,23,0.0,215,214,240818
2024.09.26 16:11:02,2024.09.24 18:00:00,XAUUSD,buy,0.19,2643.78,2666.93,2667.04,2742.92,439.85,-2.53,-48.03,389.29,102345.37,1.550,sl,12,0.0,217,216,240818
2024.09.30 04:48:15,2024.09.30 03:00:00,XAUUSD,buy,0.19,2663.91,2650.44,2650.59,2763.81,-255.93,-2.53,0.00,-258.46,102086.91,-1.021,sl,21,0.0,219,218,240818
2024.10.01 18:07:53,2024.10.01 03:00:00,XAUUSD,buy,0.19,2635.82,2655.49,2655.52,2734.66,373.73,-2.51,0.00,371.22,102458.13,1.482,sl,17,0.0,221,220,240818
2024.10.03 10:44:01,2024.10.02 23:00:00,XAUUSD,buy,0.19,2658.81,2645.42,2645.52,2758.52,-254.41,-2.52,-36.02,-292.95,102165.18,-1.160,sl,17,0.0,223,222,240818
2024.10.04 15:30:02,2024.10.03 20:00:00,XAUUSD,buy,0.19,2660.21,2644.39,2646.91,2759.97,-300.58,-2.52,-12.01,-315.11,101850.07,-1.247,sl,20,0.0,225,224,240818
2024.10.07 15:54:39,2024.10.07 12:00:00,XAUUSD,buy,0.19,2652.33,2639.07,2639.07,2751.79,-251.94,-2.51,0.00,-254.45,101595.62,-1.010,sl,5,0.0,227,226,240818
2024.10.08 05:45:58,2024.10.08 05:00:00,XAUUSD,buy,0.19,2647.51,2634.23,2634.27,2746.79,-252.32,-2.51,0.00,-254.83,101340.79,-1.013,sl,24,0.0,229,228,240818
2024.10.08 10:03:17,2024.10.08 09:00:00,XAUUSD,buy,0.19,2645.24,2631.72,2632.01,2744.44,-256.88,-2.51,0.00,-259.39,101081.40,-1.032,sl,24,0.0,231,230,240818
2024.10.08 17:15:48,2024.10.08 14:00:00,XAUUSD,buy,0.19,2646.45,2633.18,2633.22,2745.69,-252.13,-2.51,0.00,-254.64,100826.76,-1.013,sl,16,0.0,233,232,240818
2024.10.09 16:38:09,2024.10.09 05:00:00,XAUUSD,buy,0.19,2620.18,2607.04,2607.08,2718.44,-249.66,-2.48,0.00,-252.14,100574.62,-1.013,sl,23,0.0,235,234,240818
2024.10.14 17:20:23,2024.10.10 02:00:03,XAUUSD,buy,0.19,2609.08,2646.24,2646.24,2706.92,706.04,-2.50,-24.02,679.52,101254.14,2.741,sl,24,0.0,237,236,240818
2024.10.21 18:10:17,2024.10.15 12:00:00,XAUUSD,buy,0.19,2654.09,2718.67,2718.69,2753.62,1227.02,-2.55,-72.05,1152.42,102406.56,4.571,sl,18,0.0,239,238,240818
2024.10.23 16:18:03,2024.10.22 07:00:00,XAUUSD,buy,0.18,2731.13,2733.78,2733.86,2833.55,47.70,-2.46,-11.38,33.86,102440.42,0.138,sl,21,0.0,241,240,240818
2024.10.24 17:26:30,2024.10.24 07:00:00,XAUUSD,buy,0.18,2723.14,2725.82,2725.86,2825.26,48.24,-2.46,0.00,45.78,102486.20,0.187,sl,23,0.0,243,242,240818
2024.10.28 04:18:58,2024.10.25 18:00:00,XAUUSD,buy,0.18,2738.64,2724.93,2724.95,2841.34,-246.78,-2.46,-11.38,-260.62,102225.58,-1.058,sl,16,0.0,245,244,240818
2024.10.31 16:01:08,2024.10.28 11:00:00,XAUUSD,buy,0.18,2739.24,2770.29,2770.40,2841.96,558.90,-2.48,-56.89,499.53,102725.11,2.026,sl,19,0.0,247,246,240818
2024.11.01 20:48:02,2024.11.01 06:00:00,XAUUSD,buy,0.18,2748.97,2735.23,2735.23,2852.06,-247.32,-2.47,0.00,-249.79,102475.32,-1.010,sl,25,0.0,249,248,240818
2024.11.05 04:35:34,2024.11.04 05:00:00,XAUUSD,buy,0.18,2740.10,2726.37,2726.40,2842.85,-247.14,-2.46,-11.38,-260.98,102214.34,-1.058,sl,23,0.0,251,250,240818
2024.11.06 08:26:31,2024.11.05 09:00:00,XAUUSD,buy,0.18,2737.87,2724.18,2724.18,2840.54,-246.42,-2.46,-11.38,-260.26,101954.08,-1.056,sl,12,0.0,253,252,240818
2024.11.12 15:24:30,2024.11.12 10:00:00,XAUUSD,sell,0.19,2598.67,2611.75,2611.66,2501.22,-248.52,-2.47,0.00,-250.99,101703.09,-1.017,sl,15,0.0,255,254,240818
2024.11.14 16:35:25,2024.11.13 19:00:00,XAUUSD,sell,0.19,2585.81,2565.63,2565.59,2488.84,383.42,-2.45,21.26,402.23,102105.32,1.637,sl,5,0.0,257,256,240818
2024.11.18 01:23:32,2024.11.15 23:00:00,XAUUSD,sell,0.19,2562.15,2574.97,2574.96,2466.07,-243.58,-2.44,7.09,-238.93,101866.39,-0.982,sl,19,0.0,259,258,240818
2024.11.19 11:19:46,2024.11.19 04:00:00,XAUUSD,sell,0.19,2615.65,2628.75,2628.73,2517.56,-248.90,-2.49,0.00,-251.39,101615.00,-1.012,sl,19,0.0,261,260,240818
2024.11.20 02:09:36,2024.11.19 17:00:00,XAUUSD,sell,0.19,2623.11,2636.23,2636.23,2524.74,-249.28,-2.50,7.09,-244.69,101370.31,-0.982,sl,17,0.0,263,262,240818
2024.11.22 16:25:33,2024.11.22 05:00:00,XAUUSD,buy,0.18,2686.14,2688.82,2688.83,2786.87,48.24,-2.42,0.00,45.82,101416.13,0.190,sl,10,0.0,265,264,240818
2024.11.25 03:34:27,2024.11.25 01:01:00,XAUUSD,buy,0.18,2708.60,2695.05,2695.06,2810.17,-243.90,-2.43,0.00,-246.33,101169.80,-1.011,sl,235,0.0,267,266,240818
2024.11.28 08:30:02,2024.11.27 19:00:00,XAUUSD,sell,0.19,2639.01,2636.39,2636.37,2540.05,49.78,-2.50,21.26,68.54,101238.34,0.273,sl,11,0.0,269,268,240818
2024.11.29 04:09:28,2024.11.29 01:01:02,XAUUSD,sell,0.19,2638.24,2651.43,2651.43,2539.31,-250.61,-2.51,0.00,-253.12,100985.22,-1.010,sl,74,0.0,271,270,240818
2024.12.02 01:26:58,2024.11.29 05:00:00,XAUUSD,buy,0.18,2657.59,2644.27,2644.30,2757.25,-239.76,-2.39,-11.38,-253.53,100731.69,-1.060,sl,22,0.0,273,272,240818
2024.12.04 17:25:49,2024.12.03 23:00:00,XAUUSD,sell,0.19,2642.25,2655.46,2655.46,2543.17,-250.99,-2.52,7.09,-246.42,100485.27,-0.982,sl,1,0.0,275,274,240818
2024.12.06 05:42:50,2024.12.05 04:00:00,XAUUSD,sell,0.18,2647.03,2640.15,2640.12,2547.77,123.84,-2.38,6.71,128.17,100613.44,0.538,sl,16,0.0,277,276,240818
2024.12.09 01:01:00,2024.12.06 23:00:00,XAUUSD,sell,0.19,2631.97,2648.21,2645.13,2533.27,-308.56,-2.51,7.09,-303.98,100309.46,-1.216,sl,7,0.0,279,278,240818
2024.12.09 03:16:43,2024.12.09 03:00:00,XAUUSD,sell,0.19,2630.89,2644.05,2644.04,2532.23,-250.04,-2.51,0.00,-252.55,100056.91,-1.011,sl,17,0.0,281,280,240818
2024.12.11 07:04:44,2024.12.10 07:00:00,XAUUSD,buy,0.18,2670.51,2679.87,2679.90,2770.65,168.48,-2.41,-11.38,154.69,100211.60,0.644,sl,20,0.0,283,282,240818
2024.12.12 15:56:41,2024.12.11 18:00:00,XAUUSD,buy,0.18,2713.36,2699.78,2699.79,2815.11,-244.44,-2.43,-34.13,-281.00,99930.60,-1.150,sl,35,0.0,285,284,240818
2024.12.13 10:57:40,2024.12.13 06:00:00,XAUUSD,buy,0.18,2688.31,2674.58,2674.87,2789.12,-247.14,-2.41,0.00,-249.55,99681.05,-1.032,sl,32,0.0,287,286,240818
2024.12.19 03:42:59,2024.12.17 11:00:00,XAUUSD,sell,0.18,2644.12,2614.78,2614.77,2544.97,528.12,-2.37,26.85,552.60,100233.65,2.322,sl,14,0.0,289,288,240818
2024.12.20 08:40:37,2024.12.19 17:00:00,XAUUSD,sell,0.19,2592.24,2605.21,2605.20,2495.03,-246.43,-2.47,7.09,-241.81,99991.84,-0.982,sl,43,0.0,291,290,240818
2024.12.26 02:36:51,2024.12.23 07:00:00,XAUUSD,sell,0.19,2625.58,2622.97,2622.95,2527.12,49.59,-2.50,35.44,82.53,100074.37,0.331,sl,30,0.0,293,292,240818
2024.12.26 17:22:00,2024.12.26 16:00:00,XAUUSD,sell,0.19,2623.01,2636.13,2636.13,2524.65,-249.28,-2.50,0.00,-251.78,99822.59,-1.010,sl,31,0.0,295,294,240818
2024.12.31 17:34:35,2024.12.27 03:00:00,XAUUSD,sell,0.18,2631.36,2622.21,2622.21,2532.68,164.70,-2.36,13.42,175.76,99998.35,0.742,sl,20,0.0,297,296,240818
2025.01.06 15:37:04,2025.01.06 14:00:00,XAUUSD,buy,0.18,2645.77,2632.49,2632.54,2744.99,-239.04,-2.37,0.00,-241.41,99756.94,-1.014,sl,25,0.0,299,298,240818
2025.01.08 19:36:29,2025.01.08 12:00:00,XAUUSD,buy,0.18,2653.68,2656.23,2656.33,2753.19,45.90,-2.39,0.00,43.51,99800.45,0.182,sl,19,0.0,301,300,240818
2025.01.10 15:30:02,2025.01.09 12:00:00,XAUUSD,buy,0.18,2665.20,2667.44,2667.87,2765.15,40.32,-2.40,-11.38,26.54,99826.99,0.111,sl,20,0.0,303,302,240818
2025.01.17 23:11:33,2025.01.14 04:00:00,XAUUSD,buy,0.18,2670.95,2699.84,2699.93,2771.11,520.02,-2.41,-56.89,460.72,100287.71,1.917,sl,20,0.0,305,304,240818
2025.01.23 11:35:05,2025.01.20 09:00:00,XAUUSD,buy,0.18,2712.06,2742.04,2742.12,2813.76,539.64,-2.45,-56.89,480.30,100768.01,1.968,sl,39,0.0,307,306,240818
2025.01.27 03:54:25,2025.01.23 21:00:00,XAUUSD,buy,0.18,2755.95,2763.03,2763.05,2859.30,127.44,-2.48,-22.76,102.20,100870.21,0.412,sl,13,0.0,309,308,240818
2025.01.27 15:22:17,2025.01.27 14:00:00,XAUUSD,buy,0.18,2771.54,2757.41,2757.68,2875.47,-254.34,-2.49,0.00,-256.83,100613.38,-1.029,sl,22,0.0,311,310,240818
2025.01.31 20:31:20,2025.01.28 05:00:00,XAUUSD,buy,0.18,2739.64,2797.12,2797.15,2842.38,1034.64,-2.49,-56.89,975.26,101588.64,3.955,sl,28,0.0,313,312,240818
2025.02.06 10:21:42,2025.02.03 12:00:00,XAUUSD,buy,0.18,2796.65,2852.76,2852.90,2901.52,1009.98,-2.54,-56.89,950.55,102539.19,3.777,sl,30,0.0,315,314,240818
2025.02.07 18:42:36,2025.02.07 03:00:00,XAUUSD,buy,0.17,2858.65,2861.28,2861.51,2965.85,44.71,-2.43,0.00,42.28,102581.47,0.174,sl,33,0.0,317,316,240818
2025.02.11 04:40:13,2025.02.10 04:00:00,XAUUSD,buy,0.17,2872.07,2908.30,2908.35,2979.77,615.91,-2.46,-10.74,602.71,103184.18,2.469,sl,24,0.0,319,318,240818
2025.02.14 15:44:10,2025.02.12 18:00:00,XAUUSD,buy,0.17,2894.77,2919.56,2919.59,3003.32,421.43,-2.47,-42.97,375.99,103560.17,1.528,sl,15,0.0,321,320,240818
2025.02.17 08:27:29,2025.02.17 06:00:00,XAUUSD,buy,0.17,2903.93,2889.39,2889.41,3012.83,-247.18,-2.46,0.00,-249.64,103310.53,-1.011,sl,58,0.0,323,322,240818
2025.02.19 16:26:13,2025.02.19 13:00:00,XAUUSD,buy,0.17,2944.97,2930.24,2930.25,3055.41,-250.41,-2.50,0.00,-252.91,103057.62,-1.011,sl,24,0.0,325,324,240818
2025.02.20 14:24:34,2025.02.20 04:00:00,XAUUSD,buy,0.17,2937.19,2940.13,2940.13,3047.33,49.98,-2.50,0.00,47.48,103105.10,0.190,sl,31,0.0,327,326,240818
2025.02.24 16:36:07,2025.02.21 17:00:00,XAUUSD,buy,0.17,2934.21,2937.11,2937.14,3044.24,49.30,-2.50,-10.74,36.06,103141.16,0.145,sl,59,0.0,329,328,240818
2025.02.25 08:31:11,2025.02.24 22:00:00,XAUUSD,buy,0.17,2949.33,2934.45,2934.58,3059.93,-252.96,-2.50,-10.74,-266.20,102874.96,-1.062,sl,29,0.0,331,330,240818
2025.02.26 08:12:26,2025.02.26 03:00:00,XAUUSD,buy,0.17,2923.84,2909.05,2909.22,3033.48,-251.43,-2.48,0.00,-253.91,102621.05,-1.022,sl,43,0.0,333,332,240818
2025.02.27 06:53:35,2025.02.26 18:00:00,XAUUSD,buy,0.17,2913.54,2898.96,2898.97,3022.80,-247.86,-2.47,-32.23,-282.56,102338.49,-1.141,sl,17,0.0,335,334,240818
2025.02.28 05:42:40,2025.02.27 22:00:00,XAUUSD,buy,0.17,2879.49,2865.08,2865.09,2987.47,-244.97,-2.44,-10.74,-258.15,102080.34,-1.055,sl,27,0.0,337,336,240818
2025.02.28 15:59:47,2025.02.28 14:00:00,XAUUSD,buy,0.17,2862.61,2848.27,2848.30,2969.96,-243.78,-2.43,0.00,-246.21,101834.13,-1.012,sl,24,0.0,339,338,240818
2025.03.05 15:50:03,2025.02.28 23:00:00,XAUUSD,buy,0.17,2854.97,2895.01,2895.06,2962.03,680.68,-2.44,-32.22,646.02,102480.15,2.663,sl,34,0.0,341,340,240818
2025.03.06 10:01:20,2025.03.05 23:00:00,XAUUSD,buy,0.17,2922.31,2907.60,2907.70,3031.90,-250.07,-2.48,-32.23,-284.78,102195.37,-1.147,sl,17,0.0,343,342,240818
2025.03.07 02:09:27,2025.03.06 19:00:00,XAUUSD,buy,0.17,2917.35,2902.69,2902.76,3026.75,-249.22,-2.47,-10.74,-262.43,101932.94,-1.058,sl,12,0.0,345,344,240818
2025.03.07 17:41:16,2025.03.07 09:00:00,XAUUSD,buy,0.17,2913.79,2916.69,2916.70,3023.06,49.30,-2.48,0.00,46.82,101979.76,0.189,sl,35,0.0,347,346,240818
2025.03.14 18:20:56,2025.03.11 06:00:00,XAUUSD,buy,0.17,2899.23,2978.44,2978.69,3007.95,1346.57,-2.50,-53.71,1290.36,103270.12,5.235,sl,10,0.0,349,348,240818
2025.03.19 11:59:24,2025.03.17 14:00:00,XAUUSD,buy,0.17,2999.22,3025.64,3025.89,3111.69,449.14,-2.56,-21.48,425.10,103695.22,1.667,sl,27,0.0,351,350,240818
2025.03.20 13:16:26,2025.03.19 23:00:00,XAUUSD,buy,0.17,3048.07,3032.75,3032.83,3162.37,-260.44,-2.59,-32.23,-295.26,103399.96,-1.140,sl,22,0.0,353,352,240818
2025.03.21 06:37:12,2025.03.21 01:01:00,XAUUSD,buy,0.16,3045.37,3030.13,3030.14,3159.57,-243.84,-2.43,0.00,-246.27,103153.69,-1.011,sl,49,0.0,355,354,240818
2025.03.24 17:34:08,2025.03.24 02:00:00,XAUUSD,buy,0.17,3025.84,3010.70,3010.71,3139.31,-257.38,-2.57,0.00,-259.95,102893.74,-1.011,sl,41,0.0,357,356,240818
2025.03.26 07:32:45,2025.03.25 05:00:00,XAUUSD,buy,0.17,3012.09,3015.09,3015.10,3125.04,51.00,-2.56,-10.74,37.70,102931.44,0.147,sl,34,0.0,359,358,240818
2025.04.01 05:12:29,2025.03.26 10:00:00,XAUUSD,buy,0.17,3026.32,3139.86,3104.89,3139.81,1930.18,-2.62,-64.45,1863.11,104794.55,7.244,tp,25,0.0,361,360,240818
2025.04.01 09:00:12,2025.04.01 06:00:00,XAUUSD,buy,0.16,3145.29,3129.50,3129.56,3263.24,-252.64,-2.51,0.00,-255.15,104539.40,-1.014,sl,18,0.0,363,362,240818
2025.04.02 08:29:26,2025.04.02 06:00:00,XAUUSD,buy,0.16,3128.65,3112.98,3113.01,3245.97,-250.72,-2.50,0.00,-253.22,104286.18,-1.012,sl,42,0.0,365,364,240818
2025.04.02 13:45:14,2025.04.02 12:00:00,XAUUSD,buy,0.16,3131.46,3115.69,3115.80,3248.89,-252.32,-2.50,0.00,-254.82,104031.36,-1.017,sl,14,0.0,367,366,240818
2025.04.02 23:14:06,2025.04.02 18:00:00,XAUUSD,buy,0.16,3125.06,3109.31,3109.43,3242.25,-252.00,-2.49,0.00,-254.49,103776.87,-1.018,sl,24,0.0,369,368,240818
2025.04.04 05:39:48,2025.04.03 23:00:00,XAUUSD,buy,0.16,3107.70,3092.09,3092.16,3224.24,-249.76,-2.48,-10.11,-262.35,103514.52,-1.055,sl,15,0.0,371,370,240818
2025.04.04 15:05:48,2025.04.04 15:00:00,XAUUSD,buy,0.16,3110.41,3094.76,3094.86,3227.05,-250.40,-2.48,0.00,-252.88,103261.64,-1.016,sl,19,0.0,373,372,240818
2025.04.07 09:24:01,2025.04.07 08:00:00,XAUUSD,buy,0.17,3035.71,3020.52,3020.53,3149.55,-258.23,-2.57,0.00,-260.80,103000.84,-1.011,sl,49,0.0,375,374,240818
2025.04.07 23:20:54,2025.04.07 19:00:00,XAUUSD,sell,0.17,2987.55,2984.56,2984.56,2875.52,50.83,-2.54,0.00,48.29,103049.13,0.190,sl,17,0.0,377,376,240818
2025.04.09 04:38:52,2025.04.08 21:00:00,XAUUSD,sell,0.17,2985.08,3000.04,3000.01,2873.14,-254.32,-2.55,6.34,-250.53,102798.60,-0.987,sl,34,0.0,379,378,240818
2025.04.10 06:13:03,2025.04.09 05:00:00,XAUUSD,buy,0.17,3008.92,3121.75,3025.70,3121.75,1918.11,-2.61,-32.23,1883.27,104681.87,7.366,tp,44,0.0,381,380,240818
2025.04.16 06:32:24,2025.04.10 19:00:00,XAUUSD,buy,0.16,3158.21,3276.64,3235.99,3276.64,1894.88,-2.57,-40.44,1851.87,106533.74,7.330,tp,23,0.0,383,382,240818
2025.04.22 05:45:43,2025.04.21 02:00:00,XAUUSD,buy,0.15,3346.19,3471.74,3402.30,3471.67,1883.25,-2.55,-9.48,1871.22,108404.96,7.457,tp,59,0.0,385,384,240818
2025.04.22 08:31:49,2025.04.22 06:00:00,XAUUSD,buy,0.15,3473.27,3476.70,3476.74,3603.52,51.45,-2.60,0.00,48.85,108453.81,0.187,sl,33,0.0,387,386,240818
2025.04.25 08:31:10,2025.04.24 01:01:00,XAUUSD,buy,0.16,3291.58,3314.74,3315.12,3415.01,370.56,-2.65,-10.11,357.80,108811.61,1.359,sl,66,0.0,389,388,240818
2025.04.28 02:02:07,2025.04.25 23:00:00,XAUUSD,buy,0.16,3305.10,3308.12,3308.41,3429.04,48.32,-2.64,-10.11,35.57,108847.18,0.134,sl,34,0.0,391,390,240818
2025.04.30 11:11:02,2025.04.28 15:00:00,XAUUSD,buy,0.16,3294.39,3297.38,3297.68,3417.93,47.84,-2.64,-20.22,24.98,108872.16,0.095,sl,25,0.0,393,392,240818
2025.04.30 22:43:58,2025.04.30 18:00:00,XAUUSD,buy,0.16,3310.10,3293.54,3293.55,3434.23,-264.96,-2.64,0.00,-267.60,108604.56,-1.011,sl,28,0.0,395,394,240818
2025.05.02 19:01:09,2025.05.01 19:00:00,XAUUSD,buy,0.16,3216.73,3226.71,3226.71,3337.36,159.68,-2.58,-10.11,146.99,108751.55,0.571,sl,37,0.0,397,396,240818
2025.05.06 04:37:07,2025.05.05 04:00:00,XAUUSD,buy,0.16,3246.97,3368.74,3328.72,3368.73,1948.32,-2.65,-10.11,1935.56,110687.11,7.454,tp,49,0.0,399,398,240818
2025.05.07 01:07:46,2025.05.06 20:00:00,XAUUSD,buy,0.16,3409.15,3412.35,3412.56,3536.99,51.20,-2.72,-10.11,38.37,110725.48,0.141,sl,33,0.0,401,400,240818
2025.05.08 07:51:38,2025.05.08 06:00:00,XAUUSD,buy,0.16,3402.35,3385.13,3385.34,3529.94,-275.52,-2.71,0.00,-278.23,110447.25,-1.022,sl,50,0.0,403,402,240818
2025.05.09 22:32:00,2025.05.09 08:00:00,XAUUSD,buy,0.16,3324.98,3328.23,3328.30,3449.67,52.00,-2.66,0.00,49.34,110496.59,0.186,sl,53,0.0,405,404,240818
2025.05.12 19:58:01,2025.05.12 19:00:00,XAUUSD,buy,0.17,3239.48,3223.22,3223.28,3360.96,-276.42,-2.75,0.00,-279.17,110217.42,-1.014,sl,18,0.0,407,406,240818
2025.05.15 09:40:17,2025.05.15 06:00:00,XAUUSD,sell,0.17,3153.81,3150.91,3150.66,3035.54,49.30,-2.68,0.00,46.62,110264.04,0.174,sl,45,0.0,409,408,240818
2025.05.19 01:02:53,2025.05.16 08:00:00,XAUUSD,sell,0.17,3219.33,3217.73,3216.11,3098.61,27.20,-2.74,6.34,30.80,110294.84,0.113,sl,50,0.0,411,410,240818
2025.05.22 13:26:10,2025.05.20 13:00:00,XAUUSD,buy,0.17,3236.50,3300.83,3301.07,3357.87,1093.61,-2.78,-42.97,1047.86,111342.70,3.810,sl,22,0.0,413,412,240818
2025.05.27 08:30:08,2025.05.23 05:00:00,XAUUSD,buy,0.16,3305.43,3325.94,3326.09,3429.38,328.16,-2.65,-20.22,305.29,111647.99,1.154,sl,35,0.0,415,414,240818
2025.05.28 15:12:18,2025.05.27 22:00:00,XAUUSD,buy,0.16,3303.16,3306.29,3306.46,3427.03,50.08,-2.64,-10.11,37.33,111685.32,0.141,sl,14,0.0,417,416,240818
2025.05.30 10:13:12,2025.05.29 11:00:00,XAUUSD,buy,0.16,3286.74,3289.88,3290.03,3409.99,50.24,-2.63,-10.11,37.50,111722.82,0.143,sl,29,0.0,419,418,240818
2025.06.03 09:43:13,2025.06.02 02:00:00,XAUUSD,buy,0.16,3313.51,3353.66,3353.66,3437.77,642.40,-2.67,-10.11,629.62,112352.44,2.375,sl,47,0.0,421,420,240818
2025.06.04 07:45:01,2025.06.04 05:00:00,XAUUSD,buy,0.16,3371.00,3353.66,3354.15,3497.41,-277.44,-2.69,0.00,-280.13,112072.31,-1.039,sl,34,0.0,423,422,240818
2025.06.04 14:27:47,2025.06.04 13:00:00,XAUUSD,buy,0.16,3363.22,3346.37,3346.40,3489.34,-269.60,-2.69,0.00,-272.29,111800.02,-1.012,sl,25,0.0,425,424,240818
2025.06.05 15:49:23,2025.06.04 18:00:00,XAUUSD,buy,0.16,3377.56,3380.74,3380.94,3504.22,50.88,-2.70,-30.34,17.84,111817.86,0.066,sl,28,0.0,427,426,240818
2025.06.06 10:51:20,2025.06.06 07:00:00,XAUUSD,buy,0.16,3369.92,3353.03,3353.07,3496.29,-270.24,-2.69,0.00,-272.93,111544.93,-1.012,sl,17,0.0,429,428,240818
2025.06.10 03:35:18,2025.06.09 09:00:00,XAUUSD,buy,0.16,3314.86,3318.08,3318.17,3439.17,51.52,-2.66,-10.11,38.75,111583.68,0.146,sl,31,0.0,431,430,240818
2025.06.10 17:19:23,2025.06.10 11:00:00,XAUUSD,buy,0.16,3330.26,3333.55,3333.59,3455.14,52.64,-2.66,0.00,49.98,111633.66,0.188,sl,16,0.0,433,432,240818
2025.06.11 12:51:37,2025.06.11 05:00:00,XAUUSD,buy,0.16,3328.70,3332.02,3332.03,3453.53,53.12,-2.66,0.00,50.46,111684.12,0.190,sl,15,0.0,435,434,240818
2025.06.12 10:37:43,2025.06.11 23:00:00,XAUUSD,buy,0.16,3346.93,3350.05,3350.28,3472.44,49.92,-2.68,-30.34,16.90,111701.02,0.063,sl,21,0.0,437,436,240818
2025.06.16 16:16:44,2025.06.12 16:00:00,XAUUSD,buy,0.16,3388.45,3407.33,3407.35,3515.52,302.08,-2.72,-20.22,279.14,111980.16,1.030,sl,9,0.0,439,438,240818
2025.06.17 12:08:54,2025.06.17 08:00:00,XAUUSD,buy,0.16,3394.08,3375.83,3377.11,3521.36,-292.00,-2.71,0.00,-294.71,111685.45,-1.085,sl,18,0.0,441,440,240818
2025.06.17 17:27:02,2025.06.17 14:00:00,XAUUSD,buy,0.16,3398.32,3381.16,3381.33,3525.76,-274.56,-2.71,0.00,-277.27,111408.18,-1.020,sl,20,0.0,443,442,240818
2025.06.18 22:14:01,2025.06.18 16:00:00,XAUUSD,buy,0.16,3386.83,3368.75,3369.90,3513.84,-289.28,-2.70,0.00,-291.98,111116.20,-1.078,sl,26,0.0,445,444,240818
2025.06.20 05:31:05,2025.06.19 15:00:00,XAUUSD,buy,0.16,3372.14,3355.14,3355.28,3498.60,-272.00,-2.69,-10.11,-284.80,110831.40,-1.056,sl,19,0.0,447,446,240818
2025.06.23 01:30:02,2025.06.20 17:00:00,XAUUSD,buy,0.16,3370.42,3372.58,3373.79,3496.81,34.56,-2.70,-10.11,21.75,110853.15,0.081,sl,27,0.0,449,448,240818
2025.06.23 17:06:36,2025.06.23 14:00:00,XAUUSD,buy,0.16,3367.96,3370.45,3371.33,3494.26,39.84,-2.70,0.00,37.14,110890.29,0.138,sl,21,0.0,451,450,240818
2025.06.25 19:35:54,2025.06.25 17:00:00,XAUUSD,sell,0.16,3314.37,3331.03,3330.94,3190.08,-266.56,-2.66,0.00,-269.22,110621.07,-1.015,sl,33,0.0,453,452,240818
2025.06.30 08:30:01,2025.06.26 16:00:00,XAUUSD,sell,0.16,3321.98,3289.45,3289.45,3197.41,520.48,-2.65,11.94,529.77,111150.84,1.993,sl,21,0.0,455,454,240818
2025.07.03 15:30:16,2025.07.02 21:00:00,XAUUSD,buy,0.16,3349.89,3333.08,3333.14,3475.51,-268.96,-2.67,-30.34,-301.97,110848.87,-1.127,sl,23,0.0,457,456,240818
2025.07.07 03:31:57,2025.07.04 07:00:00,XAUUSD,buy,0.16,3338.51,3321.82,3321.82,3463.70,-267.04,-2.67,-10.11,-279.82,110569.05,-1.048,sl,24,0.0,459,458,240818
2025.07.09 19:47:41,2025.07.08 12:00:00,XAUUSD,sell,0.16,3323.61,3313.49,3313.33,3198.97,161.92,-2.66,5.97,165.23,110734.28,0.621,sl,22,0.0,461,460,240818
2025.07.11 03:30:48,2025.07.10 17:00:00,XAUUSD,sell,0.16,3312.73,3329.34,3329.29,3188.50,-265.76,-2.66,5.97,-262.45,110471.83,-0.991,sl,23,0.0,463,462,240818
2025.07.15 16:26:54,2025.07.15 07:00:00,XAUUSD,buy,0.16,3358.12,3341.23,3341.33,3484.05,-270.24,-2.68,0.00,-272.92,110198.91,-1.016,sl,14,0.0,465,464,240818
2025.07.16 17:17:10,2025.07.16 08:00:00,XAUUSD,buy,0.16,3338.43,3321.68,3321.74,3463.62,-268.00,-2.67,0.00,-270.67,109928.24,-1.014,sl,9,0.0,467,466,240818
2025.07.23 16:34:04,2025.07.17 20:00:00,XAUUSD,buy,0.16,3338.95,3407.57,3407.73,3464.16,1097.92,-2.70,-40.44,1054.78,110983.02,3.950,sl,13,0.0,469,468,240818
2025.07.25 08:51:07,2025.07.24 19:00:00,XAUUSD,buy,0.16,3372.69,3355.82,3355.83,3499.17,-269.92,-2.69,-10.11,-282.72,110700.30,-1.048,sl,12,0.0,471,470,240818
2025.07.28 22:55:31,2025.07.28 17:00:00,XAUUSD,sell,0.16,3302.25,3318.78,3318.76,3178.42,-264.48,-2.65,0.00,-267.13,110433.17,-1.011,sl,23,0.0,473,472,240818
2025.07.31 10:45:58,2025.07.30 16:00:00,XAUUSD,sell,0.16,3313.39,3308.69,3308.61,3189.14,75.20,-2.65,17.90,90.45,110523.62,0.341,sl,18,0.0,475,474,240818
2025.08.01 15:30:21,2025.07.31 22:00:00,XAUUSD,sell,0.16,3295.73,3312.31,3312.21,3172.14,-265.28,-2.64,5.97,-261.95,110261.67,-0.993,sl,16,0.0,477,476,240818
2025.08.05 13:09:52,2025.08.04 18:00:00,XAUUSD,buy,0.16,3374.15,3357.11,3357.28,3500.68,-272.64,-2.69,-10.11,-285.44,109976.23,-1.057,sl,12,0.0,479,478,240818
2025.08.06 07:52:45,2025.08.05 19:00:00,XAUUSD,buy,0.16,3389.63,3372.56,3372.68,3516.74,-273.12,-2.71,-10.11,-285.94,109690.29,-1.054,sl,6,0.0,481,480,240818
2025.08.07 11:08:14,2025.08.06 19:00:00,XAUUSD,buy,0.16,3377.61,3380.97,3380.99,3504.27,53.76,-2.70,-30.34,20.72,109711.01,0.077,sl,7,0.0,483,482,240818
2025.08.08 01:21:12,2025.08.07 17:00:00,XAUUSD,buy,0.16,3385.09,3388.42,3388.48,3512.03,53.28,-2.71,-10.11,40.46,109751.47,0.149,sl,29,0.0,485,484,240818
2025.08.08 14:18:24,2025.08.08 13:00:00,XAUUSD,buy,0.16,3400.94,3383.92,3383.94,3528.48,-272.32,-2.71,0.00,-275.03,109476.44,-1.011,sl,32,0.0,487,486,240818
2025.08.12 17:17:36,2025.08.12 03:00:00,XAUUSD,buy,0.16,3349.16,3332.39,3332.41,3474.75,-268.32,-2.67,0.00,-270.99,109205.45,-1.011,sl,12,0.0,489,488,240818
2025.08.14 10:44:21,2025.08.14 04:00:00,XAUUSD,buy,0.16,3369.66,3352.60,3352.81,3496.02,-272.96,-2.69,0.00,-275.65,108929.80,-1.022,sl,20,0.0,491,490,240818
2025.08.18 07:23:13,2025.08.15 22:00:00,XAUUSD,sell,0.16,3336.00,3352.77,3352.68,3210.90,-268.32,-2.67,5.97,-265.02,108664.78,-0.993,sl,16,0.0,493,492,240818
2025.08.20 15:01:03,2025.08.18 17:00:00,XAUUSD,sell,0.16,3336.72,3333.40,3333.38,3211.59,53.12,-2.66,11.94,62.40,108727.18,0.234,sl,23,0.0,495,494,240818
2025.08.21 15:10:11,2025.08.21 06:00:00,XAUUSD,sell,0.16,3344.61,3341.27,3341.27,3219.19,53.44,-2.68,0.00,50.76,108777.94,0.190,sl,11,0.0,497,496,240818
2025.08.26 02:16:43,2025.08.22 18:00:00,XAUUSD,buy,0.16,3374.04,3357.08,3357.17,3500.57,-271.36,-2.69,-20.22,-294.27,108483.67,-1.090,sl,23,0.0,499,498,240818
2025.09.02 04:45:57,2025.08.26 08:00:00,XAUUSD,buy,0.16,3377.52,3504.20,3479.23,3504.18,2026.88,-2.75,-70.78,1953.35,110437.02,7.228,tp,15,0.0,501,500,240818
2025.09.02 10:50:20,2025.09.02 06:00:00,XAUUSD,buy,0.15,3496.63,3479.01,3479.15,3627.75,-264.30,-2.61,0.00,-266.91,110170.11,-1.018,sl,49,0.0,503,502,240818
2025.09.04 05:13:32,2025.09.02 19:00:00,XAUUSD,buy,0.15,3520.54,3540.89,3540.95,3652.56,305.25,-2.65,-37.92,264.68,110434.79,1.003,sl,9,0.0,505,504,240818
2025.09.09 18:16:04,2025.09.04 19:00:00,XAUUSD,buy,0.15,3553.01,3630.99,3631.01,3686.25,1169.70,-2.69,-28.44,1138.57,111573.36,4.272,sl,17,0.0,507,506,240818
2025.09.11 08:32:23,2025.09.10 10:00:00,XAUUSD,buy,0.15,3644.04,3625.72,3625.82,3780.69,-274.80,-2.73,-28.44,-305.97,111267.39,-1.120,sl,22,0.0,509,508,240818
2025.09.15 02:35:48,2025.09.11 19:00:00,XAUUSD,buy,0.15,3633.25,3636.87,3636.88,3769.50,54.30,-2.72,-18.96,32.62,111300.01,0.120,sl,20,0.0,511,510,240818
2025.09.17 10:03:15,2025.09.15 12:00:00,XAUUSD,buy,0.15,3645.69,3670.13,3670.16,3782.40,366.60,-2.75,-18.96,344.89,111644.90,1.261,sl,25,0.0,513,512,240818
2025.09.17 21:01:11,2025.09.17 19:00:00,XAUUSD,buy,0.15,3684.50,3662.30,3666.08,3822.67,-333.00,-2.75,0.00,-335.75,111309.15,-1.215,sl,41,0.0,515,514,240818
2025.09.18 16:26:03,2025.09.18 13:00:00,XAUUSD,buy,0.15,3671.95,3653.45,3653.59,3809.65,-277.50,-2.75,0.00,-280.25,111028.90,-1.018,sl,54,0.0,517,516,240818
2025.09.23 12:12:29,2025.09.19 06:00:00,XAUUSD,buy,0.15,3647.60,3784.42,3745.47,3784.39,2052.30,-2.79,-18.96,2030.55,113059.45,7.422,tp,45,0.0,519,518,240818
2025.09.23 19:36:23,2025.09.23 13:00:00,XAUUSD,buy,0.14,3785.13,3766.17,3766.20,3927.07,-265.44,-2.64,0.00,-268.08,112791.37,-1.012,sl,40,0.0,521,520,240818
2025.09.25 14:12:09,2025.09.25 08:00:00,XAUUSD,buy,0.15,3738.46,3742.11,3742.20,3878.65,54.75,-2.80,0.00,51.95,112843.32,0.185,sl,50,0.0,523,522,240818
2025.09.26 06:00:40,2025.09.25 22:00:00,XAUUSD,buy,0.15,3755.47,3736.67,3736.69,3896.30,-282.00,-2.81,-9.48,-294.29,112549.03,-1.045,sl,15,0.0,525,524,240818
2025.09.30 10:11:12,2025.09.30 06:00:00,XAUUSD,buy,0.14,3848.36,3852.20,3852.21,3992.67,53.76,-2.70,0.00,51.06,112600.09,0.190,sl,45,0.0,527,526,240818
2025.10.02 04:00:02,2025.09.30 22:00:00,XAUUSD,buy,0.14,3848.17,3854.50,3854.85,3992.48,88.62,-2.70,-35.39,50.53,112650.62,0.188,sl,30,0.0,529,528,240818
2025.10.02 17:26:11,2025.10.02 13:00:00,XAUUSD,buy,0.14,3879.38,3859.96,3859.98,4024.86,-271.88,-2.71,0.00,-274.59,112376.03,-1.011,sl,35,0.0,531,530,240818
2025.10.03 06:40:24,2025.10.03 04:00:00,XAUUSD,buy,0.14,3857.15,3837.78,3837.86,4001.79,-271.18,-2.69,0.00,-273.87,112102.16,-1.014,sl,52,0.0,533,532,240818
2025.10.03 17:14:14,2025.10.03 11:00:00,XAUUSD,buy,0.14,3864.57,3868.32,3868.43,4009.49,52.50,-2.70,0.00,49.80,112151.96,0.184,sl,41,0.0,535,534,240818
2025.10.07 01:40:39,2025.10.06 18:00:00,XAUUSD,buy,0.14,3955.22,3959.04,3959.18,4103.54,53.48,-2.77,-8.85,41.86,112193.82,0.151,sl,38,0.0,537,536,240818
2025.10.07 18:48:08,2025.10.07 18:00:00,XAUUSD,buy,0.14,3985.81,3964.44,3965.88,4135.28,-299.18,-2.79,0.00,-301.97,111891.85,-1.082,sl,38,0.0,539,538,240818
2025.10.09 02:47:40,2025.10.07 20:00:00,XAUUSD,buy,0.14,3976.94,4009.26,4009.34,4126.08,452.48,-2.79,-35.39,414.30,112306.15,1.489,sl,34,0.0,541,540,240818
2025.10.09 16:46:14,2025.10.09 15:00:00,XAUUSD,buy,0.13,4044.68,4024.33,4024.46,4196.36,-264.55,-2.62,0.00,-267.17,112038.98,-1.016,sl,35,0.0,543,542,240818
2025.10.10 17:05:22,2025.10.10 12:00:00,XAUUSD,buy,0.14,3992.20,3972.20,3972.24,4141.91,-280.00,-2.79,0.00,-282.79,111756.19,-1.012,sl,28,0.0,545,544,240818
2025.10.15 12:21:18,2025.10.15 03:00:00,XAUUSD,buy,0.13,4161.99,4164.39,4166.15,4318.06,31.20,-2.70,0.00,28.50,111784.69,0.105,sl,67,0.0,547,546,240818
2025.10.16 08:30:44,2025.10.16 06:00:00,XAUUSD,buy,0.13,4239.70,4217.45,4218.50,4398.69,-289.25,-2.75,0.00,-292.00,111492.69,-1.060,sl,55,0.0,549,548,240818
2025.10.16 19:39:11,2025.10.16 18:00:00,XAUUSD,buy,0.13,4263.44,4267.61,4267.70,4423.32,54.21,-2.78,0.00,51.43,111544.12,0.186,sl,28,0.0,551,550,240818
2025.10.20 08:53:17,2025.10.20 07:00:00,XAUUSD,buy,0.13,4265.22,4243.55,4243.89,4425.17,-281.71,-2.77,0.00,-284.48,111259.64,-1.026,sl,86,0.0,553,552,240818
2025.10.22 07:12:01,2025.10.22 07:00:00,XAUUSD,buy,0.13,4129.20,4108.47,4108.55,4284.05,-269.49,-2.68,0.00,-272.17,110987.47,-1.014,sl,93,0.0,555,554,240818
2025.10.24 11:04:21,2025.10.22 20:00:00,XAUUSD,buy,0.13,4059.49,4067.80,4067.90,4211.72,108.03,-2.64,-32.87,72.52,111059.99,0.275,sl,71,0.0,557,556,240818
2025.10.24 19:41:13,2025.10.24 18:00:00,XAUUSD,buy,0.13,4117.82,4121.76,4121.94,4272.24,51.22,-2.68,0.00,48.54,111108.53,0.181,sl,52,0.0,559,558,240818
2025.10.28 05:39:15,2025.10.28 04:00:00,XAUUSD,buy,0.13,4007.30,3985.94,3987.26,4157.57,-277.68,-2.60,0.00,-280.28,110828.25,-1.076,sl,89,0.0,561,560,240818
2025.10.28 16:58:31,2025.10.28 10:00:00,XAUUSD,sell,0.14,3942.20,3938.26,3938.26,3794.37,55.16,-2.76,0.00,52.40,110880.65,0.190,sl,53,0.0,563,562,240818
2025.10.28 21:27:13,2025.10.28 18:00:00,XAUUSD,buy,0.14,3950.12,3953.51,3954.07,4098.25,47.46,-2.76,0.00,44.70,110925.35,0.162,sl,45,0.0,565,564,240818
2025.10.30 10:57:18,2025.10.30 10:00:00,XAUUSD,buy,0.13,3977.32,3956.70,3957.43,4126.47,-268.06,-2.58,0.00,-270.64,110654.71,-1.047,sl,76,0.0,567,566,240818
2025.11.03 11:46:01,2025.11.03 08:00:00,XAUUSD,buy,0.13,4014.48,3994.37,3994.41,4165.02,-261.43,-2.60,0.00,-264.03,110390.68,-1.012,sl,71,0.0,569,568,240818
2025.11.04 15:51:08,2025.11.04 13:00:00,XAUUSD,buy,0.13,3994.07,3974.06,3974.10,4143.85,-260.13,-2.59,0.00,-262.72,110127.96,-1.012,sl,41,0.0,571,570,240818
2025.11.05 11:28:42,2025.11.05 06:00:00,XAUUSD,buy,0.13,3960.88,3964.70,3964.84,4109.41,49.66,-2.58,0.00,47.08,110175.04,0.183,sl,58,0.0,573,572,240818
2025.11.07 19:05:37,2025.11.07 07:00:00,XAUUSD,buy,0.13,3998.74,4001.95,4002.74,4148.69,41.73,-2.60,0.00,39.13,110214.17,0.151,sl,57,0.0,575,574,240818
2025.11.11 17:27:47,2025.11.07 22:00:00,XAUUSD,buy,0.13,4006.98,4103.78,4103.86,4157.24,1258.40,-2.63,-16.44,1239.33,111453.50,4.760,sl,46,0.0,577,576,240818
2025.11.13 20:31:23,2025.11.12 15:00:00,XAUUSD,buy,0.13,4130.31,4178.04,4178.07,4285.20,620.49,-2.70,-24.65,593.14,112046.64,2.209,sl,33,0.0,579,578,240818
2025.11.14 08:20:09,2025.11.14 07:00:00,XAUUSD,buy,0.13,4203.82,4182.76,4182.80,4361.46,-273.78,-2.73,0.00,-276.51,111770.13,-1.012,sl,64,0.0,581,580,240818
2025.11.17 05:01:06,2025.11.17 04:00:00,XAUUSD,buy,0.13,4091.71,4071.18,4071.25,4245.15,-266.89,-2.65,0.00,-269.54,111500.59,-1.013,sl,63,0.0,583,582,240818
2025.11.18 18:03:04,2025.11.18 11:00:00,XAUUSD,buy,0.13,4037.02,4041.03,4041.06,4188.41,52.13,-2.62,0.00,49.51,111550.10,0.189,sl,51,0.0,585,584,240818
2025.11.20 17:59:53,2025.11.20 17:00:00,XAUUSD,buy,0.13,4093.93,4072.31,4073.46,4247.45,-281.06,-2.65,0.00,-283.71,111266.39,-1.066,sl,131,0.0,587,586,240818
2025.11.21 03:04:40,2025.11.20 22:00:00,XAUUSD,buy,0.13,4084.90,4064.48,4064.48,4238.08,-265.46,-2.65,-8.22,-276.33,110990.06,-1.041,sl,36,0.0,589,588,240818
2025.11.21 17:40:04,2025.11.21 16:00:00,XAUUSD,buy,0.13,4079.95,4059.35,4059.55,4232.95,-267.80,-2.65,0.00,-270.45,110719.61,-1.020,sl,61,0.0,591,590,240818
2025.11.28 20:32:33,2025.11.24 12:00:00,XAUUSD,buy,0.13,4072.19,4224.94,4167.83,4224.90,1985.75,-2.69,-49.31,1933.75,112653.36,7.306,tp,42,0.0,593,592,240818
2025.12.03 07:39:45,2025.12.03 01:01:00,XAUUSD,buy,0.13,4207.22,4211.43,4211.43,4364.99,54.73,-2.74,0.00,51.99,112705.35,0.190,sl,110,0.0,595,594,240818
2025.12.03 16:51:31,2025.12.03 16:00:00,XAUUSD,buy,0.13,4237.47,4215.98,4216.28,4396.38,-279.37,-2.75,0.00,-282.12,112423.23,-1.024,sl,39,0.0,597,596,240818
2025.12.05 18:10:05,2025.12.04 16:00:00,XAUUSD,buy,0.13,4198.70,4220.85,4220.86,4356.15,287.95,-2.73,-8.22,277.00,112700.23,1.015,sl,45,0.0,599,598,240818
2025.12.08 16:45:27,2025.12.08 09:00:00,XAUUSD,buy,0.13,4217.42,4196.29,4196.33,4375.57,-274.69,-2.73,0.00,-277.42,112422.81,-1.012,sl,38,0.0,601,600,240818
2025.12.09 08:09:33,2025.12.09 04:00:00,XAUUSD,buy,0.13,4196.56,4174.90,4175.58,4353.93,-281.58,-2.72,0.00,-284.30,112138.51,-1.042,sl,51,0.0,603,602,240818
2025.12.10 21:41:03,2025.12.09 12:00:00,XAUUSD,buy,0.13,4203.30,4181.66,4182.28,4360.92,-281.32,-2.73,-8.22,-292.27,111846.24,-1.070,sl,34,0.0,605,604,240818
2025.12.11 04:37:07,2025.12.10 22:00:00,XAUUSD,buy,0.13,4216.68,4220.70,4220.90,4374.81,52.26,-2.74,-24.65,24.87,111871.11,0.091,sl,55,0.0,607,606,240818
2025.12.12 17:25:19,2025.12.11 17:00:00,XAUUSD,buy,0.13,4230.44,4303.24,4303.25,4389.08,946.40,-2.77,-8.22,935.41,112806.52,3.402,sl,44,0.0,609,608,240818
2025.12.15 15:59:43,2025.12.15 06:00:00,XAUUSD,buy,0.13,4327.52,4331.73,4331.85,4489.80,54.73,-2.82,0.00,51.91,112858.43,0.185,sl,52,0.0,611,610,240818
2025.12.16 17:18:07,2025.12.16 16:00:00,XAUUSD,buy,0.13,4313.27,4316.49,4317.58,4475.02,41.86,-2.80,0.00,39.06,112897.49,0.139,sl,21,0.0,613,612,240818
2025.12.18 14:27:56,2025.12.17 16:00:00,XAUUSD,buy,0.13,4342.25,4320.22,4320.54,4505.08,-286.39,-2.81,-24.65,-313.85,112583.64,-1.112,sl,35,0.0,615,614,240818
2025.12.18 19:08:08,2025.12.18 19:00:00,XAUUSD,buy,0.12,4360.67,4338.83,4338.87,4524.20,-262.08,-2.61,0.00,-264.69,112318.95,-1.012,sl,40,0.0,617,616,240818
2025.12.23 03:55:02,2025.12.19 13:00:00,XAUUSD,buy,0.12,4328.06,4490.43,4442.50,4490.36,1948.44,-2.65,-15.16,1930.63,114249.58,7.435,tp,41,0.0,619,618,240818
2025.12.24 04:58:40,2025.12.24 03:00:00,XAUUSD,buy,0.12,4512.44,4488.58,4489.88,4681.66,-286.32,-2.70,0.00,-289.02,113960.56,-1.068,sl,66,0.0,621,620,240818
2025.12.26 04:31:21,2025.12.26 03:00:00,XAUUSD,buy,0.12,4518.40,4495.00,4495.81,4687.84,-280.80,-2.71,0.00,-283.51,113677.05,-1.046,sl,91,0.0,623,622,240818
2025.12.26 19:14:41,2025.12.26 16:00:00,XAUUSD,buy,0.12,4525.58,4529.87,4530.11,4695.29,51.48,-2.72,0.00,48.76,113725.81,0.180,sl,58,0.0,625,624,240818
2025.12.30 16:41:18,2025.12.30 05:00:00,XAUUSD,buy,0.13,4362.97,4367.12,4367.33,4526.58,53.95,-2.84,0.00,51.11,113776.92,0.180,sl,70,0.0,627,626,240818
2025.12.31 07:40:31,2025.12.31 05:00:00,XAUUSD,buy,0.13,4349.29,4324.77,4327.54,4512.39,-318.76,-2.82,0.00,-321.58,113455.34,-1.137,sl,77,0.0,629,628,240818
2025.12.31 18:14:01,2025.12.31 16:00:00,XAUUSD,buy,0.13,4346.33,4322.73,4324.60,4509.32,-306.80,-2.81,0.00,-309.61,113145.73,-1.096,sl,55,0.0,631,630,240818
2026.01.05 03:13:01,2026.01.05 03:00:00,XAUUSD,buy,0.12,4395.58,4398.60,4399.98,4560.41,36.24,-2.64,0.00,33.60,113179.33,0.127,sl,94,0.0,633,632,240818
2026.01.06 11:48:19,2026.01.06 07:00:00,XAUUSD,buy,0.12,4467.74,4445.38,4445.40,4635.28,-268.32,-2.67,0.00,-270.99,112908.34,-1.011,sl,52,0.0,635,634,240818
2026.01.07 03:35:00,2026.01.06 19:00:00,XAUUSD,buy,0.12,4488.69,4466.23,4466.25,4657.02,-269.52,-2.69,-7.58,-279.79,112628.55,-1.039,sl,47,0.0,637,636,240818
2026.01.08 04:05:30,2026.01.08 02:00:00,XAUUSD,buy,0.12,4463.80,4440.35,4441.48,4631.19,-281.40,-2.67,0.00,-284.07,112344.48,-1.061,sl,66,0.0,639,638,240818
2026.01.09 03:04:42,2026.01.08 18:00:00,XAUUSD,buy,0.12,4454.51,4458.93,4458.96,4621.55,53.04,-2.68,-7.58,42.78,112387.26,0.160,sl,49,0.0,641,640,240818
2026.01.09 19:54:04,2026.01.09 16:00:00,XAUUSD,buy,0.12,4483.08,4487.33,4487.56,4651.20,51.00,-2.69,0.00,48.31,112435.57,0.180,sl,50,0.0,643,642,240818
2026.01.12 16:10:14,2026.01.12 16:00:00,XAUUSD,buy,0.12,4616.21,4592.58,4593.13,4789.32,-283.56,-2.76,0.00,-286.32,112149.25,-1.034,sl,28,0.0,645,644,240818
2026.01.13 17:18:14,2026.01.13 17:00:00,XAUUSD,buy,0.12,4629.99,4606.76,4606.84,4803.61,-278.76,-2.77,0.00,-281.53,111867.72,-1.013,sl,98,0.0,647,646,240818
2026.01.15 03:24:55,2026.01.14 05:00:00,XAUUSD,buy,0.12,4620.77,4597.57,4597.67,4794.05,-278.40,-2.77,-22.75,-303.92,111563.80,-1.096,sl,47,0.0,649,648,240818
2026.01.15 15:31:30,2026.01.15 13:00:00,XAUUSD,buy,0.12,4620.21,4597.10,4597.11,4793.47,-277.32,-2.77,0.00,-280.09,111283.71,-1.010,sl,49,0.0,651,650,240818
2026.01.16 15:16:48,2026.01.15 17:00:00,XAUUSD,buy,0.12,4611.22,4588.13,4588.16,4784.14,-277.08,-2.76,-7.58,-287.42,110996.29,-1.039,sl,21,0.0,653,652,240818
2026.01.21 05:11:35,2026.01.19 02:00:00,XAUUSD,buy,0.11,4673.28,4848.58,4776.33,4848.53,1928.30,-2.62,-13.90,1911.78,112908.07,7.437,tp,96,0.0,655,654,240818
2026.01.22 17:00:07,2026.01.22 12:00:00,XAUUSD,buy,0.11,4823.51,4828.22,4828.33,5004.39,51.81,-2.66,0.00,49.15,112957.22,0.185,sl,54,0.0,657,656,240818
2026.01.26 21:48:48,2026.01.23 22:00:00,XAUUSD,buy,0.11,4984.57,5008.36,5008.57,5171.49,261.69,-2.75,-6.95,251.99,113209.21,0.919,sl,57,0.0,659,658,240818
2026.01.27 16:05:44,2026.01.27 10:00:00,XAUUSD,buy,0.11,5086.56,5060.98,5061.13,5277.31,-281.38,-2.79,0.00,-284.17,112925.04,-1.016,sl,84,0.0,661,660,240818
2026.01.28 22:37:04,2026.01.27 23:00:00,XAUUSD,buy,0.10,5177.08,5371.29,5229.27,5371.22,1942.10,-2.63,-6.32,1933.15,114858.19,7.467,tp,49,0.0,663,662,240818
2026.01.29 01:39:07,2026.01.28 23:00:00,XAUUSD,buy,0.10,5377.47,5580.53,5417.92,5579.13,2030.60,-2.74,-18.96,2008.90,116867.09,7.471,tp,98,0.0,665,664,240818
2026.02.02 12:21:13,2026.02.02 12:00:00,XAUUSD,buy,0.12,4720.60,4695.37,4697.00,4897.62,-302.76,-2.83,0.00,-305.59,116561.50,-1.079,sl,160,0.0,667,666,240818
2026.02.05 21:33:45,2026.02.05 21:00:00,XAUUSD,buy,0.11,4858.70,4833.49,4834.41,5040.90,-277.31,-2.67,0.00,-279.98,116281.52,-1.048,sl,78,0.0,669,668,240818
2026.02.09 01:24:40,2026.02.06 07:00:00,XAUUSD,buy,0.12,4814.21,4995.47,4866.44,4994.74,2175.12,-2.94,-7.58,2164.60,118446.12,7.494,tp,24,0.0,671,670,240818
2026.02.09 19:51:19,2026.02.09 19:00:00,XAUUSD,buy,0.11,5073.59,5047.94,5048.22,5263.85,-282.15,-2.79,0.00,-284.94,118161.18,-1.021,sl,49,0.0,673,672,240818
2026.02.11 14:41:23,2026.02.11 04:00:00,XAUUSD,buy,0.11,5052.81,5054.82,5057.86,5242.29,22.11,-2.78,0.00,19.33,118180.51,0.070,sl,69,0.0,675,674,240818
2026.02.12 01:11:51,2026.02.11 20:00:00,XAUUSD,buy,0.11,5091.69,5053.39,5066.23,5282.63,-421.30,-2.79,-20.86,-444.95,117735.56,-1.589,sl,56,0.0,677,676,240818
2026.02.13 07:45:55,2026.02.13 06:00:00,XAUUSD,buy,0.11,4982.03,4957.09,4957.12,5168.86,-274.34,-2.73,0.00,-277.07,117458.49,-1.011,sl,68,0.0,679,678,240818
2026.02.16 17:01:09,2026.02.16 14:00:00,XAUUSD,buy,0.11,5004.70,4979.27,4979.68,5192.38,-279.73,-2.75,0.00,-282.48,117176.01,-1.026,sl,49,0.0,681,680,240818
2026.02.18 01:01:07,2026.02.18 01:01:04,XAUUSD,buy,0.12,4878.71,4846.70,4854.32,5061.66,-384.12,-2.91,0.00,-387.03,116788.98,-1.322,sl,638,0.0,683,682,240818
2026.02.19 11:36:24,2026.02.19 09:00:00,XAUUSD,buy,0.11,5018.64,4992.93,4993.55,5206.84,-282.81,-2.75,0.00,-285.56,116503.42,-1.035,sl,68,0.0,685,684,240818
2026.02.20 17:03:27,2026.02.20 09:00:00,XAUUSD,buy,0.11,5021.09,5022.19,5026.11,5209.38,12.10,-2.76,0.00,9.34,116512.76,0.034,sl,68,0.0,687,686,240818
2026.02.24 03:00:04,2026.02.23 19:00:00,XAUUSD,buy,0.11,5210.14,5211.88,5215.35,5405.52,19.14,-2.86,-6.95,9.33,116522.09,0.033,sl,48,0.0,689,688,240818
2026.02.25 08:08:43,2026.02.25 04:00:00,XAUUSD,buy,0.11,5177.33,5182.35,5182.51,5371.48,55.22,-2.85,0.00,52.37,116574.46,0.184,sl,70,0.0,691,690,240818
2026.02.25 22:57:58,2026.02.25 17:00:00,XAUUSD,buy,0.11,5191.93,5165.36,5165.97,5386.63,-292.27,-2.85,0.00,-295.12,116279.34,-1.033,sl,53,0.0,693,692,240818
2026.02.26 10:34:04,2026.02.26 08:00:00,XAUUSD,buy,0.11,5198.68,5172.60,5172.69,5393.63,-286.88,-2.85,0.00,-289.73,115989.61,-1.013,sl,70,0.0,695,694,240818
2026.03.02 01:41:36,2026.02.26 22:00:00,XAUUSD,buy,0.11,5187.34,5381.87,5299.10,5381.87,2139.83,-2.91,-13.90,2123.02,118112.63,7.440,tp,50,0.0,697,696,240818
2026.03.04 03:33:52,2026.03.04 03:00:00,XAUUSD,buy,0.11,5138.07,5142.97,5143.21,5330.75,53.90,-2.82,0.00,51.08,118163.71,0.181,sl,61,0.0,699,698,240818
2026.03.05 06:48:13,2026.03.05 02:00:00,XAUUSD,buy,0.11,5165.96,5170.83,5171.13,5359.68,53.57,-2.84,0.00,50.73,118214.44,0.179,sl,64,0.0,701,700,240818
2026.03.06 08:01:56,2026.03.06 04:00:00,XAUUSD,buy,0.11,5135.84,5109.90,5110.16,5328.43,-285.34,-2.82,0.00,-288.16,117926.28,-1.020,sl,67,0.0,703,702,240818
2026.03.06 17:53:14,2026.03.06 17:00:00,XAUUSD,buy,0.11,5131.38,5134.39,5136.51,5323.81,33.11,-2.82,0.00,30.29,117956.57,0.107,sl,123,0.0,705,704,240818
2026.03.09 14:20:29,2026.03.09 13:00:00,XAUUSD,buy,0.11,5105.66,5080.06,5080.13,5297.12,-281.60,-2.80,0.00,-284.40,117672.17,-1.013,sl,53,0.0,707,706,240818
2026.03.12 01:56:29,2026.03.09 20:00:00,XAUUSD,buy,0.11,5104.78,5147.93,5148.82,5296.21,474.65,-2.82,-34.76,437.07,118109.24,1.557,sl,57,0.0,709,708,240818
2026.03.12 16:42:38,2026.03.12 11:00:00,XAUUSD,buy,0.11,5182.14,5155.85,5156.23,5376.47,-289.19,-2.85,0.00,-292.04,117817.20,-1.025,sl,52,0.0,711,710,240818
2026.03.13 09:28:35,2026.03.13 07:00:02,XAUUSD,buy,0.11,5116.00,5090.37,5090.42,5307.85,-281.93,-2.81,0.00,-284.74,117532.46,-1.012,sl,63,0.0,713,712,240818
2026.03.13 16:34:53,2026.03.13 14:00:00,XAUUSD,buy,0.11,5095.28,5100.29,5100.38,5286.35,55.11,-2.80,0.00,52.31,117584.77,0.187,sl,55,0.0,715,714,240818
2026.03.13 20:15:07,2026.03.13 19:00:00,XAUUSD,sell,0.11,5032.73,5057.92,5057.89,4844.00,-277.09,-2.77,0.00,-279.86,117304.91,-1.011,sl,121,0.0,717,716,240818
2026.03.16 14:00:14,2026.03.16 13:00:00,XAUUSD,sell,0.11,4975.29,5000.23,5000.17,4788.72,-274.34,-2.75,0.00,-277.09,117027.82,-1.012,sl,53,0.0,719,718,240818
2026.03.17 16:40:09,2026.03.17 15:00:00,XAUUSD,sell,0.11,5003.12,5028.23,5028.14,4815.50,-276.21,-2.76,0.00,-278.97,116748.85,-1.014,sl,52,0.0,721,720,240818
2026.03.17 19:18:19,2026.03.17 18:00:00,XAUUSD,sell,0.11,5007.44,5002.43,5002.43,4819.66,55.11,-2.76,0.00,52.35,116801.20,0.190,sl,52,0.0,723,722,240818
2026.03.19 09:35:15,2026.03.18 06:00:00,XAUUSD,sell,0.11,4992.22,4804.75,4904.39,4805.01,2062.17,-2.69,12.31,2071.79,118872.99,7.546,tp,63,0.0,725,724,240818
2026.03.19 15:43:08,2026.03.19 10:00:00,XAUUSD,sell,0.12,4766.57,4587.62,4735.23,4587.82,2147.40,-2.81,0.00,2144.59,121017.58,7.500,tp,107,0.0,727,726,240818
2026.03.20 19:13:51,2026.03.20 18:00:00,XAUUSD,sell,0.13,4563.03,4585.89,4585.85,4391.92,-297.18,-2.97,0.00,-300.15,120717.43,-1.012,sl,63,0.0,729,728,240818
2026.03.24 08:40:47,2026.03.24 08:00:00,XAUUSD,sell,0.13,4332.99,4356.01,4354.65,4170.50,-299.26,-2.83,0.00,-302.09,120415.34,-1.073,sl,80,0.0,731,730,240818
2026.03.25 14:23:31,2026.03.25 14:00:00,XAUUSD,sell,0.13,4559.23,4582.19,4582.03,4388.26,-298.48,-2.97,0.00,-301.45,120113.89,-1.017,sl,50,0.0,733,732,240818
2026.03.30 04:07:18,2026.03.30 04:00:00,XAUUSD,sell,0.13,4431.95,4454.14,4454.11,4265.75,-288.47,-2.89,0.00,-291.36,119822.53,-1.011,sl,107,0.0,735,734,240818
2026.03.31 03:27:55,2026.03.30 21:00:00,XAUUSD,sell,0.13,4514.76,4510.27,4510.25,4345.46,58.37,-2.94,4.85,60.28,119882.81,0.205,sl,61,0.0,737,736,240818
2026.03.31 13:57:05,2026.03.31 13:00:00,XAUUSD,sell,0.13,4555.51,4551.07,4550.95,4384.68,57.72,-2.96,0.00,54.76,119937.57,0.185,sl,62,0.0,739,738,240818
2026.04.01 08:37:55,2026.04.01 08:00:00,XAUUSD,sell,0.12,4675.52,4698.95,4698.90,4500.19,-281.16,-2.81,0.00,-283.97,119653.60,-1.012,sl,91,0.0,741,740,240818
2026.04.01 17:52:42,2026.04.01 17:00:00,XAUUSD,sell,0.12,4738.14,4761.87,4761.83,4560.46,-284.76,-2.85,0.00,-287.61,119365.99,-1.012,sl,68,0.0,743,742,240818
2026.04.02 02:09:04,2026.04.01 23:00:00,XAUUSD,sell,0.12,4765.09,4788.94,4788.92,4586.40,-286.20,-2.87,13.43,-275.64,119090.35,-0.964,sl,60,0.0,745,744,240818
2026.04.06 05:16:44,2026.04.06 04:00:00,XAUUSD,sell,0.12,4621.89,4645.03,4645.00,4448.57,-277.68,-2.78,0.00,-280.46,118809.89,-1.011,sl,102,0.0,747,746,240818
2026.04.07 04:16:43,2026.04.06 21:00:00,XAUUSD,sell,0.12,4653.25,4648.81,4648.60,4478.75,53.28,-2.79,4.48,54.97,118864.86,0.197,sl,59,0.0,749,748,240818
2026.04.07 18:30:25,2026.04.07 18:00:00,XAUUSD,sell,0.12,4632.81,4656.08,4655.97,4459.08,-279.24,-2.79,0.00,-282.03,118582.83,-1.015,sl,68,0.0,751,750,240818
2026.04.08 15:13:44,2026.04.08 13:00:00,XAUUSD,sell,0.12,4783.27,4807.19,4807.19,4603.90,-287.04,-2.87,0.00,-289.91,118292.92,-1.010,sl,74,0.0,753,752,240818
2026.04.10 12:19:44,2026.04.10 04:00:00,XAUUSD,sell,0.12,4762.17,4757.52,4757.41,4583.59,55.80,-2.86,0.00,52.94,118345.86,0.185,sl,90,0.0,755,754,240818
2026.04.13 04:55:15,2026.04.10 23:00:00,XAUUSD,sell,0.12,4759.44,4724.52,4724.47,4580.96,419.04,-2.85,4.48,420.67,118766.53,1.473,sl,60,0.0,757,756,240818
2026.04.16 11:05:05,2026.04.16 04:00:00,XAUUSD,buy,0.12,4833.73,4807.79,4809.56,5014.99,-311.28,-2.89,0.00,-314.17,118452.36,-1.083,sl,82,0.0,759,758,240818
2026.04.17 09:37:00,2026.04.17 08:00:00,XAUUSD,buy,0.12,4803.60,4779.42,4779.58,4983.74,-290.16,-2.87,0.00,-293.03,118159.33,-1.017,sl,83,0.0,761,760,240818
2026.04.20 01:01:03,2026.04.17 12:00:01,XAUUSD,buy,0.12,4796.34,4763.67,4818.59,4976.20,-392.04,-2.87,-7.58,-402.49,117756.84,-1.399,sl,61,0.0,763,762,240818
2026.04.20 03:59:03,2026.04.20 02:00:00,XAUUSD,sell,0.12,4778.89,4774.20,4774.11,4599.68,56.28,-2.86,0.00,53.42,117810.26,0.186,sl,94,0.0,765,764,240818
2026.04.21 08:00:59,2026.04.20 15:00:00,XAUUSD,buy,0.12,4810.81,4786.73,4786.76,4991.22,-288.96,-2.88,-7.58,-299.42,117510.84,-1.037,sl,53,0.0,767,766,240818
2026.04.23 03:19:57,2026.04.22 19:00:00,XAUUSD,sell,0.12,4727.62,4723.22,4722.89,4550.33,52.80,-2.84,13.43,63.39,117574.23,0.223,sl,54,0.0,769,768,240818
2026.04.23 09:01:52,2026.04.23 05:00:00,XAUUSD,sell,0.12,4722.82,4718.10,4718.10,4545.71,56.64,-2.84,0.00,53.80,117628.03,0.190,sl,90,0.0,771,770,240818
2026.04.24 10:49:15,2026.04.23 23:00:00,XAUUSD,sell,0.12,4696.50,4692.07,4691.80,4520.38,53.16,-2.82,4.48,54.82,117682.85,0.195,sl,69,0.0,773,772,240818
2026.04.27 04:01:31,2026.04.27 03:00:00,XAUUSD,sell,0.12,4679.74,4703.36,4703.14,4504.25,-283.44,-2.81,0.00,-286.25,117396.60,-1.019,sl,79,0.0,775,774,240818
2026.04.29 16:30:44,2026.04.27 14:00:00,XAUUSD,sell,0.12,4708.62,4531.93,4605.06,4532.05,2120.28,-2.77,8.96,2126.47,119523.07,7.528,tp,52,0.0,777,776,240818
2026.05.01 16:53:48,2026.05.01 01:01:05,XAUUSD,sell,0.12,4626.93,4615.13,4615.07,4453.42,141.60,-2.77,0.00,138.83,119661.90,0.500,sl,289,0.0,779,778,240818
2026.05.06 02:14:30,2026.05.04 04:00:00,XAUUSD,sell,0.12,4612.76,4590.10,4589.82,4439.78,271.92,-2.76,8.96,278.12,119940.02,1.005,sl,76,0.0,781,780,240818
2026.05.07 04:11:08,2026.05.06 20:00:00,XAUUSD,sell,0.12,4682.99,4706.53,4706.40,4507.38,-282.48,-2.81,13.43,-271.86,119668.16,-0.968,sl,47,0.0,783,782,240818
2026.05.07 19:07:09,2026.05.07 11:00:00,XAUUSD,buy,0.12,4743.84,4719.66,4720.12,4921.73,-290.16,-2.84,0.00,-293.00,119375.16,-1.029,sl,54,0.0,785,784,240818
2026.05.08 10:25:18,2026.05.08 10:00:01,XAUUSD,buy,0.12,4726.41,4702.64,4702.78,4903.65,-285.24,-2.83,0.00,-288.07,119087.09,-1.016,sl,60,0.0,787,786,240818
2026.05.08 15:55:02,2026.05.08 11:00:00,XAUUSD,sell,0.12,4708.05,4731.72,4731.59,4531.50,-284.04,-2.83,0.00,-286.87,118800.22,-1.016,sl,66,0.0,789,788,240818
2026.05.08 17:10:22,2026.05.08 17:00:00,XAUUSD,buy,0.12,4747.91,4724.17,4724.17,4925.96,-284.88,-2.84,0.00,-287.72,118512.50,-1.010,sl,59,0.0,791,790,240818
2026.05.13 05:40:03,2026.05.13 01:01:02,XAUUSD,buy,0.12,4718.31,4694.71,4694.72,4895.25,-283.20,-2.83,0.00,-286.03,118226.47,-1.010,sl,475,0.0,793,792,240818
2026.05.13 17:31:59,2026.05.13 14:00:00,XAUUSD,sell,0.12,4693.83,4689.14,4689.14,4517.81,56.28,-2.82,0.00,53.46,118279.93,0.190,sl,68,0.0,795,794,240818
2026.05.14 07:25:40,2026.05.14 07:00:00,XAUUSD,sell,0.12,4674.68,4698.10,4698.05,4499.38,-281.04,-2.81,0.00,-283.85,117996.08,-1.012,sl,88,0.0,797,796,240818
2026.05.18 03:33:58,2026.05.14 18:00:00,XAUUSD,sell,0.12,4679.84,4504.24,4600.48,4504.35,2107.20,-2.75,8.96,2113.41,120109.49,7.526,tp,61,0.0,799,798,240818
2026.05.20 17:55:51,2026.05.19 08:00:00,XAUUSD,sell,0.13,4542.15,4534.91,4534.89,4371.82,94.12,-2.95,4.85,96.02,120205.51,0.325,sl,57,0.0,801,800,240818
2026.05.21 20:10:23,2026.05.21 09:00:00,XAUUSD,sell,0.13,4527.66,4523.65,4523.13,4357.87,52.13,-2.94,0.00,49.19,120254.70,0.167,sl,59,0.0,803,802,240818
2026.05.22 18:26:09,2026.05.22 06:00:00,XAUUSD,sell,0.13,4522.07,4517.64,4517.55,4352.49,57.59,-2.94,0.00,54.65,120309.35,0.186,sl,64,0.0,805,804,240818
2026.05.28 05:46:09,2026.05.25 18:00:00,XAUUSD,sell,0.13,4566.78,4395.51,4480.42,4395.53,2226.51,-2.91,24.25,2247.85,122557.20,7.574,tp,50,0.0,807,806,240818
2026.05.28 08:38:18,2026.05.28 06:00:00,XAUUSD,sell,0.13,4394.57,4390.18,4390.18,4229.77,57.07,-2.86,0.00,54.21,122611.41,0.190,sl,66,0.0,809,808,240818
2026.06.01 01:47:31,2026.05.29 23:00:00,XAUUSD,sell,0.13,4544.94,4540.50,4540.40,4374.50,57.72,-2.96,4.85,59.61,122671.02,0.202,sl,58,0.0,811,810,240818
2026.06.04 14:46:14,2026.06.02 18:00:00,XAUUSD,sell,0.13,4504.06,4495.73,4495.49,4335.16,108.29,-2.92,19.40,124.77,122795.79,0.426,sl,47,0.0,813,812,240818
2026.06.05 23:06:06,2026.06.04 23:00:00,XAUUSD,sell,0.13,4480.67,4312.58,4412.90,4312.64,2185.17,-2.86,4.85,2187.16,124982.95,7.511,tp,53,0.0,815,814,240818
2026.06.10 15:12:42,2026.06.09 18:00:00,XAUUSD,sell,0.14,4300.47,4139.14,4240.73,4139.20,2258.62,-2.96,5.22,2260.88,127243.83,7.511,tp,42,0.0,817,816,240818
2026.06.10 21:04:02,2026.06.10 18:00:00,XAUUSD,sell,0.15,4124.80,4120.69,4120.68,3970.12,61.65,-3.10,0.00,58.55,127302.38,0.189,sl,44,0.0,819,818,240818
2026.06.12 11:18:25,2026.06.12 11:00:00,XAUUSD,sell,0.15,4194.38,4215.35,4215.35,4037.09,-314.55,-3.15,0.00,-317.70,126984.68,-1.010,sl,42,0.0,821,820,240818
2026.06.12 18:10:35,2026.06.12 16:00:00,XAUUSD,sell,0.15,4191.58,4212.60,4212.54,4034.40,-315.30,-3.15,0.00,-318.45,126666.23,-1.013,sl,42,0.0,823,822,240818
2026.06.16 15:50:31,2026.06.15 19:00:00,XAUUSD,sell,0.14,4355.98,4351.76,4351.62,4192.63,59.08,-3.04,5.22,61.26,126727.49,0.201,sl,42,0.0,825,824,240818
2026.06.17 17:23:47,2026.06.16 17:00:00,XAUUSD,sell,0.14,4331.65,4353.66,4353.31,4169.21,-308.14,-3.04,5.22,-305.96,126421.53,-1.009,sl,41,0.0,827,826,240818
2026.06.17 23:10:25,2026.06.17 23:00:00,XAUUSD,sell,0.14,4235.70,4256.88,4256.88,4076.86,-296.52,-2.97,0.00,-299.49,126122.04,-1.010,sl,61,0.0,829,828,240818
2026.06.18 15:20:11,2026.06.18 12:00:00,XAUUSD,sell,0.14,4266.70,4262.44,4262.43,4106.70,59.64,-2.98,0.00,56.66,126178.70,0.190,sl,41,0.0,831,830,240818
2026.06.24 15:25:03,2026.06.22 21:00:00,XAUUSD,sell,0.15,4183.00,4022.65,4117.93,4026.14,2405.25,-3.08,11.20,2413.37,128592.07,7.691,tp,52,0.0,833,832,240818
2026.06.26 07:17:33,2026.06.26 06:00:00,XAUUSD,sell,0.16,3990.30,4010.49,4010.25,3840.66,-323.04,-3.20,0.00,-326.24,128265.83,-1.022,sl,59,0.0,835,834,240818
2026.06.29 09:02:24,2026.06.29 03:00:00,XAUUSD,sell,0.15,4062.53,4058.47,4058.47,3910.19,60.90,-3.04,0.00,57.86,128323.69,0.190,sl,59,0.0,837,836,240818
2026.07.01 14:06:59,2026.07.01 02:00:00,XAUUSD,sell,0.15,4012.90,4009.00,4008.89,3862.42,58.50,-3.00,0.00,55.50,128379.19,0.184,sl,66,0.0,839,838,240818
2026.07.02 04:00:05,2026.07.02 03:00:00,XAUUSD,sell,0.15,4035.21,4055.41,4055.39,3883.89,-303.00,-3.03,0.00,-306.03,128073.16,-1.011,sl,59,0.0,841,840,240818
2026.07.02 15:30:05,2026.07.02 15:00:00,XAUUSD,sell,0.15,4065.13,4086.85,4085.46,3912.69,-325.80,-3.05,0.00,-328.85,127744.31,-1.078,sl,43,0.0,843,842,240818
2026.07.03 03:51:07,2026.07.03 03:00:00,XAUUSD,sell,0.15,4125.66,4147.17,4146.29,3970.95,-322.65,-3.11,0.00,-325.76,127418.55,-1.053,sl,70,0.0,845,844,240818
2026.07.06 02:00:52,2026.07.03 13:00:00,XAUUSD,sell,0.15,4171.86,4193.08,4192.72,4015.42,-318.30,-3.13,5.60,-315.83,127102.72,-1.009,sl,43,0.0,847,846,240818
2026.07.07 11:12:15,2026.07.07 05:00:00,XAUUSD,sell,0.15,4141.62,4137.59,4137.48,3986.31,60.45,-3.10,0.00,57.35,127160.07,0.185,sl,59,0.0,849,848,240818
2026.07.09 10:02:04,2026.07.07 23:00:00,XAUUSD,sell,0.15,4113.98,4109.87,4109.87,3959.71,61.65,-3.08,22.39,80.96,127241.03,0.262,sl,49,0.0,851,850,240818
2026.07.10 13:24:41,2026.07.10 05:00:00,XAUUSD,sell,0.15,4116.67,4112.57,4112.55,3962.29,61.50,-3.08,0.00,58.42,127299.45,0.189,sl,58,0.0,853,852,240818
2026.07.13 08:10:03,2026.07.13 02:00:00,XAUUSD,sell,0.15,4076.38,4072.30,4072.30,3923.52,61.20,-3.06,0.00,58.14,127357.59,0.190,sl,66,0.0,855,854,240818
2026.07.14 15:30:04,2026.07.13 17:00:00,XAUUSD,sell,0.15,4043.09,4065.76,4039.05,3891.47,-340.05,-3.04,5.60,-337.49,127020.10,-1.113,sl,45,0.0,857,856,240818
2026.07.15 15:35:15,2026.07.15 05:00:00,XAUUSD,sell,0.15,4036.75,4056.94,4056.93,3885.37,-302.85,-3.03,0.00,-305.88,126714.22,-1.011,sl,59,0.0,859,858,240818
2026.07.17 18:52:50,2026.07.16 05:00:00,XAUUSD,sell,0.15,4038.92,4020.00,4019.89,3887.46,283.80,-3.02,5.60,286.38,127000.60,0.946,sl,59,0.0,861,860,240818
2026.07.21 03:42:14,2026.07.20 17:00:00,XAUUSD,sell,0.15,4005.60,4025.87,4025.63,3855.39,-304.05,-3.01,5.60,-301.46,126699.14,-1.003,sl,45,0.0,863,862,240818
2026.07.21 17:30:42,2026.07.21 17:00:00,XAUUSD,sell,0.15,4052.87,4073.24,4073.13,3900.89,-305.55,-3.05,0.00,-308.60,126390.54,-1.015,sl,44,0.0,865,864,240818
2026.07.22 03:07:36,2026.07.21 21:00:00,XAUUSD,sell,0.15,4068.56,4089.33,4088.90,3915.99,-311.55,-3.06,5.60,-309.01,126081.53,-1.013,sl,49,0.0,867,866,240818
2026.07.22 16:30:23,2026.07.22 13:00:00,XAUUSD,sell,0.15,4114.91,4135.49,4135.48,3960.60,-308.70,-3.09,0.00,-311.79,125769.74,-1.011,sl,44,0.0,869,868,240818
2026.07.23 06:20:50,2026.07.22 22:00:00,XAUUSD,sell,0.15,4135.96,4131.82,4131.82,3980.86,62.10,-3.10,16.79,75.79,125845.53,0.244,sl,49,0.0,871,870,240818
2026.07.29 20:13:19,2026.07.27 16:00:00,XAUUSD,sell,0.15,4083.46,4048.43,4048.24,3930.33,525.45,-3.05,11.20,533.60,126379.13,1.742,sl,52,0.0,873,872,240818
2026.07.30 11:07:35,2026.07.30 09:00:00,XAUUSD,sell,0.15,4033.55,4053.79,4053.72,3882.29,-303.60,-3.03,0.00,-306.63,126072.50,-1.013,sl,61,0.0,875,874,240818
2026.08.03 01:01:00,2026.07.31 04:00:00,XAUUSD,sell,0.15,4094.52,4074.78,4073.29,3940.98,296.10,-3.07,5.60,298.63,126371.13,0.973,sl,69,0.0,877,876,240818
2026.08.03 21:55:07,2026.08.03 14:00:00,XAUUSD,sell,0.15,4049.21,4045.28,4045.16,3897.36,58.95,-3.04,0.00,55.91,126427.04,0.184,sl,48,0.0,879,878,240818
2026.08.05 04:41:28,2026.08.05 03:00:00,XAUUSD,sell,0.15,4072.17,4092.54,4092.53,3919.46,-305.55,-3.06,0.00,-308.61,126118.43,-1.011,sl,69,0.0,881,880,240818
2026.08.11 08:50:30,2026.08.07 09:00:00,XAUUSD,buy,0.14,4279.00,4369.08,4369.14,4439.46,1261.12,-3.03,-17.70,1240.39,127358.82,4.142,sl,59,0.0,883,882,240818
2026.08.12 08:30:02,2026.08.12 06:00:00,XAUUSD,buy,0.14,4411.51,4389.29,4389.45,4576.94,-311.08,-3.08,0.00,-314.16,127044.66,-1.017,sl,53,0.0,885,884,240818
2026.08.18 17:53:24,2026.08.14 12:00:00,XAUUSD,buy,0.14,4348.94,4373.16,4373.41,4512.03,339.08,-3.05,-17.70,318.33,127362.99,1.046,sl,42,0.0,887,886,240818
2026.08.19 22:55:06,2026.08.19 08:00:00,XAUUSD,buy,0.14,4348.81,4511.89,4420.69,4511.89,2283.12,-3.10,0.00,2280.02,129643.01,7.491,tp,53,0.0,889,888,240818
2026.08.25 03:32:08,2026.08.20 22:00:00,XAUUSD,buy,0.14,4522.35,4692.15,4609.57,4691.94,2377.20,-3.22,-26.55,2347.43,131990.44,7.416,tp,47,0.0,891,890,240818
2026.08.26 04:00:02,2026.08.25 22:00:00,XAUUSD,buy,0.14,4654.87,4629.82,4631.60,4829.43,-350.70,-3.25,-8.85,-362.80,131627.64,-1.114,sl,47,0.0,893,892,240818
2026.08.27 03:53:35,2026.08.27 03:00:00,XAUUSD,buy,0.14,4623.79,4600.66,4600.67,4797.18,-323.82,-3.23,0.00,-327.05,131300.59,-1.010,sl,53,0.0,895,894,240818
2026.08.28 03:21:47,2026.08.27 20:00:00,XAUUSD,buy,0.14,4615.18,4592.09,4592.10,4788.25,-323.26,-3.23,-8.85,-335.34,130965.25,-1.038,sl,47,0.0,897,896,240818
2026.08.28 17:02:23,2026.08.28 11:00:00,XAUUSD,buy,0.14,4611.87,4588.63,4588.81,4784.82,-325.36,-3.22,0.00,-328.58,130636.67,-1.018,sl,42,0.0,899,898,240818
2026.08.31 16:52:35,2026.08.31 11:00:00,XAUUSD,buy,0.14,4443.53,4421.01,4421.31,4610.16,-315.28,-3.11,0.00,-318.39,130318.28,-1.023,sl,43,0.0,901,900,240818
2026.09.08 09:18:02,2026.09.07 17:00:00,XAUUSD,buy,0.14,4402.69,4406.96,4407.09,4567.79,59.78,-3.08,-8.85,47.85,130366.13,0.155,sl,42,0.0,903,902,240818
2026.09.10 11:42:03,2026.09.10 06:00:00,XAUUSD,buy,0.14,4419.78,4397.38,4397.68,4585.52,-313.60,-3.09,0.00,-316.69,130049.44,-1.024,sl,53,0.0,905,904,240818
2026.09.16 05:51:55,2026.09.14 02:00:00,XAUUSD,sell,0.14,4337.52,4316.78,4316.77,4174.86,290.36,-3.03,10.44,297.77,130347.21,0.981,sl,58,0.0,907,906,240818
2026.09.16 22:03:27,2026.09.16 22:00:00,XAUUSD,sell,0.15,4261.13,4282.57,4282.44,4101.34,-321.60,-3.21,0.00,-324.81,130022.40,-1.016,sl,47,0.0,909,908,240818
2026.09.18 04:06:41,2026.09.18 02:00:00,XAUUSD,sell,0.14,4344.09,4365.82,4365.81,4181.19,-304.22,-3.05,0.00,-307.27,129715.13,-1.010,sl,55,0.0,911,910,240818
2026.09.18 12:39:04,2026.09.18 09:00:00,XAUUSD,buy,0.14,4377.56,4381.93,4381.94,4541.72,61.18,-3.06,0.00,58.12,129773.25,0.190,sl,55,0.0,913,912,240818
2026.09.22 13:01:21,2026.09.22 08:00:00,XAUUSD,sell,0.14,4342.61,4338.34,4338.27,4179.76,59.78,-3.04,0.00,56.74,129829.99,0.187,sl,54,0.0,915,914,240818
2026.09.25 13:08:45,2026.09.23 08:00:00,XAUUSD,sell,0.14,4343.73,4305.75,4303.78,4180.84,531.72,-3.03,20.89,549.58,130379.57,1.807,sl,55,0.0,917,916,240818
2026.09.28 17:45:14,2026.09.25 21:00:00,XAUUSD,sell,0.15,4283.19,4122.57,4204.06,4122.57,2409.30,-3.16,5.60,2411.74,132791.31,7.506,tp,47,0.0,919,918,240818
2026.09.30 23:58:57,2026.09.30 18:00:00,XAUUSD,sell,0.15,4165.35,4157.15,4186.18,4009.15,123.00,-3.12,0.00,119.88,132911.19,0.384,end_of_test,44,0.0,921,920,240818
