close_time,return_pct,fold
2024.01.02 14:20:40,-0.50593,1
2024.01.03 14:27:40,0.98781,1
2024.01.12 15:31:40,0.98519,1
2024.01.17 19:29:40,0.99785,1
2024.01.19 16:38:40,-0.50204,1
2024.01.23 07:33:40,-0.47889,1
2024.01.23 12:50:40,-0.50477,1
2024.01.26 15:30:20,-0.43009,1
2024.01.30 16:09:40,0.94829,1
2024.02.13 15:47:40,1.09618,1
2024.02.16 15:30:40,-0.51117,1
2024.02.23 15:15:40,-0.50799,1
2024.02.28 15:11:40,-0.51055,1
2024.02.29 15:45:40,0.83856,1
2024.03.13 18:21:40,-0.49681,1
2024.03.14 15:18:40,-0.50231,1
2024.03.15 08:41:40,-0.47663,1
2024.03.21 01:16:40,0.91425,1
2024.03.25 04:22:20,-0.47844,1
2024.03.26 16:41:40,-0.50104,1
2024.04.23 04:36:40,0.98798,1
2024.04.29 04:00:40,-0.53055,1
2024.04.30 16:24:40,0.99062,1
2024.05.08 10:59:40,-0.55435,1
2024.05.09 15:30:40,-0.50415,1
2024.05.10 02:20:20,0.96526,1
2024.05.23 08:57:40,1.02898,1
2024.05.29 11:28:40,-0.49490,1
2024.05.30 05:43:40,1.05270,1
2024.06.04 11:00:40,-0.50284,1
2024.06.04 16:23:40,-0.49779,1
2024.06.07 04:00:40,0.89804,1
2024.06.12 16:00:40,-0.47318,1
2024.06.12 21:49:40,-0.50161,1
2024.06.13 15:37:40,-0.50443,1
2024.06.17 08:35:20,-0.53150,1
2024.06.18 15:30:40,-0.50374,1
2024.06.20 17:03:40,0.88175,1
2024.06.24 21:46:40,-0.49773,1
2024.06.28 23:54:59,-0.09458,1
2024.07.10 10:28:40,-0.48336,2
2024.07.19 16:15:20,0.99147,2
2024.07.24 20:55:40,-0.50666,2
2024.07.25 06:20:40,0.96996,2
2024.07.29 18:13:40,-0.50375,2
2024.07.30 16:16:40,-0.48746,2
2024.08.09 20:02:40,-0.44816,2
2024.08.15 15:07:40,-0.49815,2
2024.08.15 17:29:40,-0.49818,2
2024.08.16 15:55:40,0.96929,2
2024.08.23 12:21:40,-0.48460,2
2024.08.28 15:18:40,-0.57696,2
2024.08.29 15:31:40,-0.50547,2
2024.09.05 11:21:40,-0.42381,2
2024.09.10 18:35:40,-0.48740,2
2024.09.19 08:10:40,-0.46290,2
2024.09.23 06:04:40,0.95924,2
2024.10.01 16:51:20,-0.48645,2
2024.10.02 08:28:40,-0.52487,2
2024.10.03 19:34:00,-0.50111,2
2024.10.04 15:30:40,-0.52141,2
2024.10.08 18:34:40,0.97763,2
2024.10.14 09:26:40,0.96855,2
2024.10.24 09:28:40,-0.49095,2
2024.10.24 17:21:40,-0.50588,2
2024.10.25 17:10:40,-0.50321,2
2024.10.28 04:10:40,-0.51951,2
2024.11.01 09:08:40,-0.48373,2
2024.11.19 11:02:40,0.94771,2
2024.11.29 04:22:40,-0.45634,2
2024.12.02 01:25:40,-0.52390,2
2024.12.02 13:35:40,-0.50270,2
2024.12.04 15:04:40,-0.52096,2
2024.12.06 06:27:40,-0.49050,2
2024.12.10 15:56:40,0.94607,2
2024.12.13 17:23:40,0.99015,2
2024.12.23 17:05:40,-0.49906,2
2024.12.26 03:02:40,-0.42393,2
2024.12.27 15:38:40,-0.53467,2
2024.12.30 18:22:40,1.00496,2
2024.12.31 23:58:59,0.00365,2
2025.01.06 13:32:40,-0.50018,3
2025.01.08 16:36:40,0.95126,3
2025.01.14 21:36:40,-0.47982,3
2025.01.16 02:18:40,0.89707,3
2025.01.20 08:17:40,-0.49654,3
2025.01.21 16:45:40,0.96285,3
2025.01.27 12:50:40,-0.50478,3
2025.01.27 15:40:40,-0.50273,3
2025.01.30 09:18:20,-0.43924,3
2025.02.12 18:53:40,-0.49143,3
2025.02.14 19:43:40,-0.51069,3
2025.02.17 05:37:40,-0.48407,3
2025.02.18 18:41:40,0.98851,3
2025.02.24 10:52:40,-0.47927,3
2025.02.25 16:32:20,-0.50497,3
2025.03.04 13:51:40,0.95761,3
2025.03.07 15:36:40,-0.50183,3
2025.03.10 20:42:40,0.98741,3
2025.03.13 05:55:40,0.89020,3
2025.03.21 16:46:20,0.98783,3
2025.03.27 13:19:40,0.87761,3
2025.04.03 17:28:40,-0.48232,3
2025.04.10 05:09:40,0.92908,3
2025.05.01 07:20:20,1.00744,3
2025.05.05 12:58:40,0.97039,3
2025.05.12 04:12:40,0.99894,3
2025.05.16 04:17:40,-0.48640,3
2025.05.16 23:02:40,-0.48741,3
2025.05.19 06:49:40,-0.46954,3
2025.05.28 03:31:40,-0.48451,3
2025.05.30 05:21:40,-0.49784,3
2025.06.02 01:56:40,-0.48574,3
2025.06.02 14:39:40,0.96497,3
2025.06.09 03:45:40,0.95359,3
2025.06.12 13:28:40,0.93949,3
2025.06.24 03:01:40,1.05042,3
2025.06.27 07:01:40,1.02216,3
2025.07.01 12:54:40,0.97940,4
2025.07.08 18:11:40,0.98968,4
2025.07.11 13:26:40,0.95020,4
2025.07.16 18:05:40,-0.48121,4
2025.07.17 10:48:40,-0.49189,4
2025.07.21 08:34:40,0.96031,4
2025.07.25 11:28:40,0.98530,4
2025.08.07 10:26:40,0.89044,4
2025.08.20 04:07:40,1.05842,4
2025.08.21 13:39:40,-0.56806,4
2025.08.22 17:00:40,-0.50468,4
2025.08.26 02:15:40,-0.52814,4
2025.09.22 01:26:40,-0.48165,4
2025.09.26 16:07:40,-0.49500,4
2025.10.10 18:30:40,-0.50040,4
2025.10.14 02:35:40,0.98965,4
2025.10.27 17:24:20,0.88864,4
2025.10.31 19:14:40,-0.48238,4
2025.11.06 13:51:40,-0.45360,4
2025.11.14 18:23:20,-0.45936,4
2025.11.19 18:26:40,-0.50296,4
2025.11.24 20:39:40,-0.48255,4
2025.12.03 15:53:40,-0.47189,4
2025.12.05 08:24:40,-0.48618,4
2025.12.10 22:04:40,-0.47442,4
2025.12.11 08:03:40,-0.51939,4
2025.12.29 17:22:40,0.90587,4
2026.01.02 16:32:40,-0.47693,5
2026.01.05 01:01:00,-0.48024,5
2026.01.06 16:45:40,0.91665,5
2026.01.08 22:27:40,-0.48913,5
2026.01.12 02:05:40,0.93475,5
2026.01.19 01:01:00,-0.47314,5
2026.01.21 03:01:40,0.88798,5
2026.01.30 20:18:40,0.89346,5
2026.02.05 04:48:40,-0.49840,5
2026.02.09 01:25:40,-0.40764,5
2026.02.13 18:28:40,-0.47643,5
2026.02.16 05:49:40,-0.47422,5
2026.02.17 07:32:40,0.88564,5
2026.02.19 01:01:40,-0.52501,5
2026.03.18 14:08:40,0.99012,5
2026.03.26 08:47:40,-0.47575,5
2026.03.27 17:56:40,-0.43997,5
2026.03.30 02:32:40,-0.50381,5
2026.04.02 17:36:40,-0.46212,5
2026.04.07 04:00:40,-0.48051,5
2026.04.08 02:58:40,0.93157,5
2026.04.13 04:10:40,-0.46993,5
2026.04.15 04:11:40,0.96964,5
2026.04.17 15:46:40,-0.47405,5
2026.04.17 23:41:40,-0.46694,5
2026.04.21 22:42:40,0.93519,5
2026.05.01 09:19:40,-0.50128,5
2026.05.01 15:14:40,-0.48043,5
2026.05.04 09:05:40,-0.50962,5
2026.05.04 19:08:40,0.94816,5
2026.05.06 11:50:40,0.95661,5
2026.05.11 16:12:40,-0.47450,5
2026.05.12 17:33:40,-0.50142,5
2026.05.21 13:31:20,-0.47815,5
2026.05.21 20:49:40,-0.46210,5
2026.05.22 08:58:20,-0.50623,5
2026.05.25 01:01:40,-0.48462,5
2026.05.26 07:37:40,-0.50381,5
2026.05.27 13:39:40,0.98333,5
2026.05.29 18:03:40,0.94364,5
2026.06.01 20:45:40,-0.47747,5
2026.06.02 16:54:40,-0.48313,5
2026.06.03 16:44:40,0.94518,5
2026.06.04 17:51:40,-0.48298,5
2026.06.05 16:37:40,0.97258,5
2026.06.15 05:31:40,0.86947,5
2026.06.18 03:49:40,-0.46048,5
2026.06.29 17:06:40,-0.50652,5
2026.06.30 04:07:40,0.95421,5
2026.07.01 22:57:40,-0.46343,6
2026.07.08 06:01:40,-0.49574,6
2026.07.10 10:43:40,-0.50301,6
2026.07.13 17:07:40,0.99674,6
2026.07.22 03:17:40,0.95524,6
2026.07.27 01:01:00,-0.46154,6
2026.07.27 16:28:40,-0.48180,6
2026.07.29 17:13:20,1.00253,6
2026.07.30 08:37:40,-0.46413,6
2026.08.03 01:02:40,-0.46914,6
2026.08.05 05:46:20,0.98017,6
2026.08.14 16:37:40,-0.48740,6
2026.08.18 17:59:40,-0.50811,6
2026.08.19 15:35:40,-0.48714,6
2026.08.21 11:25:40,0.89130,6
2026.08.27 04:38:40,-0.47154,6
2026.09.03 15:52:40,0.96598,6
2026.09.11 15:30:40,0.99856,6
2026.09.16 21:01:40,-0.47663,6
2026.09.17 04:32:40,-0.47705,6
2026.09.21 17:03:40,-0.50624,6
2026.09.23 16:47:40,0.96615,6
